id_zmienna;zmienna;id_przekroj;nazwa_przekroj;id_jednostka_terytorialna;jednostka_terytorialna;id_typ_informacji;typ_informacji;id_wymiar_2;nazwa_wymiar_2;id_pozycja_2;nazwa_pozycja_2;id_wymiar_3;nazwa_wymiar_3;id_pozycja_3;nazwa_pozycja_3;id_wymiar_4;nazwa_wymiar_4;id_pozycja_4;nazwa_pozycja_4;id_wymiar_5;nazwa_wymiar_5;id_pozycja_5;nazwa_pozycja_5;id_wymiar_6;nazwa_wymiar_6;id_pozycja_6;nazwa_pozycja_6;id_wymiar_7;nazwa_wymiar_7;id_pozycja_7;nazwa_pozycja_7;id_wymiar_8;nazwa_wymiar_8;id_pozycja_8;nazwa_pozycja_8;id_wymiar_9;nazwa_wymiar_9;id_pozycja_9;nazwa_pozycja_9;id_okres;id_daty;opis_okres;wartosc;oznaczenie_braku_wartosci;nazwa_braku_wartosci;oznaczenie_tajnosci;nazwa_tajnosci;oznaczenie_flagi;nazwa_flaga;notka
303;Ceny detaliczne towarów żywnościowych;740;"Polska, województwa; Towary żywnościowe";33617;POLSKA;180;[zł];566;Towary żywnościowe;5967449;chleb pszenno-żytni za 0.5 kg;;;;;;;;;;;;;;;;;;;;;;;;;;;;;250;2022;2022 M04;4,05;ND;Nie dotyczy;nd;Dane jawne;nd;Nie dotyczy;
303;Ceny detaliczne towarów żywnościowych;740;"Polska, województwa; Towary żywnościowe";33617;POLSKA;180;[zł];566;Towary żywnościowe;5967450;mąka pszenna za 1 kg;;;;;;;;;;;;;;;;;;;;;;;;;;;;;250;2022;2022 M04;3,8;ND;Nie dotyczy;nd;Dane jawne;nd;Nie dotyczy;
303;Ceny detaliczne towarów żywnościowych;740;"Polska, województwa; Towary żywnościowe";33617;POLSKA;180;[zł];566;Towary żywnościowe;5967451;kasza jęczmienna za 0.5 kg;;;;;;;;;;;;;;;;;;;;;;;;;;;;;250;2022;2022 M04;3,16;ND;Nie dotyczy;nd;Dane jawne;nd;Nie dotyczy;
303;Ceny detaliczne towarów żywnościowych;740;"Polska, województwa; Towary żywnościowe";33617;POLSKA;180;[zł];566;Towary żywnościowe;5967468;olej rzepakowy produkcji krajowej za 1 l;;;;;;;;;;;;;;;;;;;;;;;;;;;;;250;2022;2022 M04;10,42;ND;Nie dotyczy;nd;Dane jawne;nd;Nie dotyczy;
303;Ceny detaliczne towarów żywnościowych;740;"Polska, województwa; Towary żywnościowe";33617;POLSKA;180;[zł];566;Towary żywnościowe;5967469;pomarańcze za 1 kg;;;;;;;;;;;;;;;;;;;;;;;;;;;;;250;2022;2022 M04;6,35;ND;Nie dotyczy;nd;Dane jawne;nd;Nie dotyczy;
303;Ceny detaliczne towarów żywnościowych;740;"Polska, województwa; Towary żywnościowe";33617;POLSKA;180;[zł];566;Towary żywnościowe;5967470;jabłka za 1 kg;;;;;;;;;;;;;;;;;;;;;;;;;;;;;250;2022;2022 M04;3,12;ND;Nie dotyczy;nd;Dane jawne;nd;Nie dotyczy;
303;Ceny detaliczne towarów żywnościowych;740;"Polska, województwa; Towary żywnościowe";33617;POLSKA;180;[zł];566;Towary żywnościowe;5967472;buraki za 1 kg;;;;;;;;;;;;;;;;;;;;;;;;;;;;;250;2022;2022 M04;2,68;ND;Nie dotyczy;nd;Dane jawne;nd;Nie dotyczy;
303;Ceny detaliczne towarów żywnościowych;740;"Polska, województwa; Towary żywnościowe";33617;POLSKA;180;[zł];566;Towary żywnościowe;5967473;marchew za 1 kg;;;;;;;;;;;;;;;;;;;;;;;;;;;;;250;2022;2022 M04;2,73;ND;Nie dotyczy;nd;Dane jawne;nd;Nie dotyczy;
303;Ceny detaliczne towarów żywnościowych;740;"Polska, województwa; Towary żywnościowe";33617;POLSKA;180;[zł];566;Towary żywnościowe;5967474;cebula za 1 kg;;;;;;;;;;;;;;;;;;;;;;;;;;;;;250;2022;2022 M04;2,97;ND;Nie dotyczy;nd;Dane jawne;nd;Nie dotyczy;
303;Ceny detaliczne towarów żywnościowych;740;"Polska, województwa; Towary żywnościowe";33617;POLSKA;180;[zł];566;Towary żywnościowe;5967475;ziemniaki za 1 kg;;;;;;;;;;;;;;;;;;;;;;;;;;;;;250;2022;2022 M04;1,96;ND;Nie dotyczy;nd;Dane jawne;nd;Nie dotyczy;
303;Ceny detaliczne towarów żywnościowych;740;"Polska, województwa; Towary żywnościowe";33617;POLSKA;180;[zł];566;Towary żywnościowe;5967476;cukier biały kryształ za 1 kg;;;;;;;;;;;;;;;;;;;;;;;;;;;;;250;2022;2022 M04;3,76;ND;Nie dotyczy;nd;Dane jawne;nd;Nie dotyczy;
303;Ceny detaliczne towarów żywnościowych;740;"Polska, województwa; Towary żywnościowe";33617;POLSKA;180;[zł];566;Towary żywnościowe;5967477;sok jabłkowy za 1 l;;;;;;;;;;;;;;;;;;;;;;;;;;;;;250;2022;2022 M04;4,07;ND;Nie dotyczy;nd;Dane jawne;nd;Nie dotyczy;
303;Ceny detaliczne towarów żywnościowych;740;"Polska, województwa; Towary żywnościowe";33617;POLSKA;180;[zł];566;Towary żywnościowe;5967449;chleb pszenno-żytni za 0.5 kg;;;;;;;;;;;;;;;;;;;;;;;;;;;;;251;2022;2022 M05;4,14;ND;Nie dotyczy;nd;Dane jawne;nd;Nie dotyczy;
303;Ceny detaliczne towarów żywnościowych;740;"Polska, województwa; Towary żywnościowe";33617;POLSKA;180;[zł];566;Towary żywnościowe;5967450;mąka pszenna za 1 kg;;;;;;;;;;;;;;;;;;;;;;;;;;;;;251;2022;2022 M05;4,06;ND;Nie dotyczy;nd;Dane jawne;nd;Nie dotyczy;
303;Ceny detaliczne towarów żywnościowych;740;"Polska, województwa; Towary żywnościowe";33617;POLSKA;180;[zł];566;Towary żywnościowe;5967451;kasza jęczmienna za 0.5 kg;;;;;;;;;;;;;;;;;;;;;;;;;;;;;251;2022;2022 M05;3,25;ND;Nie dotyczy;nd;Dane jawne;nd;Nie dotyczy;
303;Ceny detaliczne towarów żywnościowych;740;"Polska, województwa; Towary żywnościowe";33617;POLSKA;180;[zł];566;Towary żywnościowe;5967468;olej rzepakowy produkcji krajowej za 1 l;;;;;;;;;;;;;;;;;;;;;;;;;;;;;251;2022;2022 M05;11,11;ND;Nie dotyczy;nd;Dane jawne;nd;Nie dotyczy;
303;Ceny detaliczne towarów żywnościowych;740;"Polska, województwa; Towary żywnościowe";33617;POLSKA;180;[zł];566;Towary żywnościowe;5967469;pomarańcze za 1 kg;;;;;;;;;;;;;;;;;;;;;;;;;;;;;251;2022;2022 M05;6,27;ND;Nie dotyczy;nd;Dane jawne;nd;Nie dotyczy;
303;Ceny detaliczne towarów żywnościowych;740;"Polska, województwa; Towary żywnościowe";33617;POLSKA;180;[zł];566;Towary żywnościowe;5967470;jabłka za 1 kg;;;;;;;;;;;;;;;;;;;;;;;;;;;;;251;2022;2022 M05;3,22;ND;Nie dotyczy;nd;Dane jawne;nd;Nie dotyczy;
303;Ceny detaliczne towarów żywnościowych;740;"Polska, województwa; Towary żywnościowe";33617;POLSKA;180;[zł];566;Towary żywnościowe;5967472;buraki za 1 kg;;;;;;;;;;;;;;;;;;;;;;;;;;;;;251;2022;2022 M05;2,88;ND;Nie dotyczy;nd;Dane jawne;nd;Nie dotyczy;
303;Ceny detaliczne towarów żywnościowych;740;"Polska, województwa; Towary żywnościowe";33617;POLSKA;180;[zł];566;Towary żywnościowe;5967473;marchew za 1 kg;;;;;;;;;;;;;;;;;;;;;;;;;;;;;251;2022;2022 M05;2,88;ND;Nie dotyczy;nd;Dane jawne;nd;Nie dotyczy;
303;Ceny detaliczne towarów żywnościowych;740;"Polska, województwa; Towary żywnościowe";33617;POLSKA;180;[zł];566;Towary żywnościowe;5967474;cebula za 1 kg;;;;;;;;;;;;;;;;;;;;;;;;;;;;;251;2022;2022 M05;3,08;ND;Nie dotyczy;nd;Dane jawne;nd;Nie dotyczy;
303;Ceny detaliczne towarów żywnościowych;740;"Polska, województwa; Towary żywnościowe";33617;POLSKA;180;[zł];566;Towary żywnościowe;5967475;ziemniaki za 1 kg;;;;;;;;;;;;;;;;;;;;;;;;;;;;;251;2022;2022 M05;2,13;ND;Nie dotyczy;nd;Dane jawne;nd;Nie dotyczy;
303;Ceny detaliczne towarów żywnościowych;740;"Polska, województwa; Towary żywnościowe";33617;POLSKA;180;[zł];566;Towary żywnościowe;5967476;cukier biały kryształ za 1 kg;;;;;;;;;;;;;;;;;;;;;;;;;;;;;251;2022;2022 M05;3,86;ND;Nie dotyczy;nd;Dane jawne;nd;Nie dotyczy;
303;Ceny detaliczne towarów żywnościowych;740;"Polska, województwa; Towary żywnościowe";33617;POLSKA;180;[zł];566;Towary żywnościowe;5967477;sok jabłkowy za 1 l;;;;;;;;;;;;;;;;;;;;;;;;;;;;;251;2022;2022 M05;4,08;ND;Nie dotyczy;nd;Dane jawne;nd;Nie dotyczy;
303;Ceny detaliczne towarów żywnościowych;740;"Polska, województwa; Towary żywnościowe";33617;POLSKA;180;[zł];566;Towary żywnościowe;5967449;chleb pszenno-żytni za 0.5 kg;;;;;;;;;;;;;;;;;;;;;;;;;;;;;252;2022;2022 M06;4,21;ND;Nie dotyczy;nd;Dane jawne;nd;Nie dotyczy;
303;Ceny detaliczne towarów żywnościowych;740;"Polska, województwa; Towary żywnościowe";33617;POLSKA;180;[zł];566;Towary żywnościowe;5967450;mąka pszenna za 1 kg;;;;;;;;;;;;;;;;;;;;;;;;;;;;;252;2022;2022 M06;4,2;ND;Nie dotyczy;nd;Dane jawne;nd;Nie dotyczy;
303;Ceny detaliczne towarów żywnościowych;740;"Polska, województwa; Towary żywnościowe";33617;POLSKA;180;[zł];566;Towary żywnościowe;5967451;kasza jęczmienna za 0.5 kg;;;;;;;;;;;;;;;;;;;;;;;;;;;;;252;2022;2022 M06;3,29;ND;Nie dotyczy;nd;Dane jawne;nd;Nie dotyczy;
303;Ceny detaliczne towarów żywnościowych;740;"Polska, województwa; Towary żywnościowe";33617;POLSKA;180;[zł];566;Towary żywnościowe;5967468;olej rzepakowy produkcji krajowej za 1 l;;;;;;;;;;;;;;;;;;;;;;;;;;;;;252;2022;2022 M06;11,93;ND;Nie dotyczy;nd;Dane jawne;nd;Nie dotyczy;
303;Ceny detaliczne towarów żywnościowych;740;"Polska, województwa; Towary żywnościowe";33617;POLSKA;180;[zł];566;Towary żywnościowe;5967469;pomarańcze za 1 kg;;;;;;;;;;;;;;;;;;;;;;;;;;;;;252;2022;2022 M06;6,39;ND;Nie dotyczy;nd;Dane jawne;nd;Nie dotyczy;
303;Ceny detaliczne towarów żywnościowych;740;"Polska, województwa; Towary żywnościowe";33617;POLSKA;180;[zł];566;Towary żywnościowe;5967470;jabłka za 1 kg;;;;;;;;;;;;;;;;;;;;;;;;;;;;;252;2022;2022 M06;3,4;ND;Nie dotyczy;nd;Dane jawne;nd;Nie dotyczy;
303;Ceny detaliczne towarów żywnościowych;740;"Polska, województwa; Towary żywnościowe";33617;POLSKA;180;[zł];566;Towary żywnościowe;5967472;buraki za 1 kg;;;;;;;;;;;;;;;;;;;;;;;;;;;;;252;2022;2022 M06;3,36;ND;Nie dotyczy;nd;Dane jawne;nd;Nie dotyczy;
303;Ceny detaliczne towarów żywnościowych;740;"Polska, województwa; Towary żywnościowe";33617;POLSKA;180;[zł];566;Towary żywnościowe;5967473;marchew za 1 kg;;;;;;;;;;;;;;;;;;;;;;;;;;;;;252;2022;2022 M06;3,23;ND;Nie dotyczy;nd;Dane jawne;nd;Nie dotyczy;
303;Ceny detaliczne towarów żywnościowych;740;"Polska, województwa; Towary żywnościowe";33617;POLSKA;180;[zł];566;Towary żywnościowe;5967474;cebula za 1 kg;;;;;;;;;;;;;;;;;;;;;;;;;;;;;252;2022;2022 M06;3,14;ND;Nie dotyczy;nd;Dane jawne;nd;Nie dotyczy;
303;Ceny detaliczne towarów żywnościowych;740;"Polska, województwa; Towary żywnościowe";33617;POLSKA;180;[zł];566;Towary żywnościowe;5967475;ziemniaki za 1 kg;;;;;;;;;;;;;;;;;;;;;;;;;;;;;252;2022;2022 M06;2,81;ND;Nie dotyczy;nd;Dane jawne;nd;Nie dotyczy;
303;Ceny detaliczne towarów żywnościowych;740;"Polska, województwa; Towary żywnościowe";33617;POLSKA;180;[zł];566;Towary żywnościowe;5967476;cukier biały kryształ za 1 kg;;;;;;;;;;;;;;;;;;;;;;;;;;;;;252;2022;2022 M06;3,92;ND;Nie dotyczy;nd;Dane jawne;nd;Nie dotyczy;
303;Ceny detaliczne towarów żywnościowych;740;"Polska, województwa; Towary żywnościowe";33617;POLSKA;180;[zł];566;Towary żywnościowe;5967477;sok jabłkowy za 1 l;;;;;;;;;;;;;;;;;;;;;;;;;;;;;252;2022;2022 M06;4,06;ND;Nie dotyczy;nd;Dane jawne;nd;Nie dotyczy;
303;Ceny detaliczne towarów żywnościowych;740;"Polska, województwa; Towary żywnościowe";33617;POLSKA;180;[zł];566;Towary żywnościowe;5967449;chleb pszenno-żytni za 0.5 kg;;;;;;;;;;;;;;;;;;;;;;;;;;;;;253;2022;2022 M07;4,26;ND;Nie dotyczy;nd;Dane jawne;nd;Nie dotyczy;
303;Ceny detaliczne towarów żywnościowych;740;"Polska, województwa; Towary żywnościowe";33617;POLSKA;180;[zł];566;Towary żywnościowe;5967450;mąka pszenna za 1 kg;;;;;;;;;;;;;;;;;;;;;;;;;;;;;253;2022;2022 M07;4,34;ND;Nie dotyczy;nd;Dane jawne;nd;Nie dotyczy;
303;Ceny detaliczne towarów żywnościowych;740;"Polska, województwa; Towary żywnościowe";33617;POLSKA;180;[zł];566;Towary żywnościowe;5967451;kasza jęczmienna za 0.5 kg;;;;;;;;;;;;;;;;;;;;;;;;;;;;;253;2022;2022 M07;3,35;ND;Nie dotyczy;nd;Dane jawne;nd;Nie dotyczy;
303;Ceny detaliczne towarów żywnościowych;740;"Polska, województwa; Towary żywnościowe";33617;POLSKA;180;[zł];566;Towary żywnościowe;5967468;olej rzepakowy produkcji krajowej za 1 l;;;;;;;;;;;;;;;;;;;;;;;;;;;;;253;2022;2022 M07;12,36;ND;Nie dotyczy;nd;Dane jawne;nd;Nie dotyczy;
303;Ceny detaliczne towarów żywnościowych;740;"Polska, województwa; Towary żywnościowe";33617;POLSKA;180;[zł];566;Towary żywnościowe;5967469;pomarańcze za 1 kg;;;;;;;;;;;;;;;;;;;;;;;;;;;;;253;2022;2022 M07;6,37;ND;Nie dotyczy;nd;Dane jawne;nd;Nie dotyczy;
303;Ceny detaliczne towarów żywnościowych;740;"Polska, województwa; Towary żywnościowe";33617;POLSKA;180;[zł];566;Towary żywnościowe;5967470;jabłka za 1 kg;;;;;;;;;;;;;;;;;;;;;;;;;;;;;253;2022;2022 M07;3,49;ND;Nie dotyczy;nd;Dane jawne;nd;Nie dotyczy;
303;Ceny detaliczne towarów żywnościowych;740;"Polska, województwa; Towary żywnościowe";33617;POLSKA;180;[zł];566;Towary żywnościowe;5967472;buraki za 1 kg;;;;;;;;;;;;;;;;;;;;;;;;;;;;;253;2022;2022 M07;3,73;ND;Nie dotyczy;nd;Dane jawne;nd;Nie dotyczy;
303;Ceny detaliczne towarów żywnościowych;740;"Polska, województwa; Towary żywnościowe";33617;POLSKA;180;[zł];566;Towary żywnościowe;5967473;marchew za 1 kg;;;;;;;;;;;;;;;;;;;;;;;;;;;;;253;2022;2022 M07;3,41;ND;Nie dotyczy;nd;Dane jawne;nd;Nie dotyczy;
303;Ceny detaliczne towarów żywnościowych;740;"Polska, województwa; Towary żywnościowe";33617;POLSKA;180;[zł];566;Towary żywnościowe;5967474;cebula za 1 kg;;;;;;;;;;;;;;;;;;;;;;;;;;;;;253;2022;2022 M07;3,36;ND;Nie dotyczy;nd;Dane jawne;nd;Nie dotyczy;
303;Ceny detaliczne towarów żywnościowych;740;"Polska, województwa; Towary żywnościowe";33617;POLSKA;180;[zł];566;Towary żywnościowe;5967475;ziemniaki za 1 kg;;;;;;;;;;;;;;;;;;;;;;;;;;;;;253;2022;2022 M07;2,27;ND;Nie dotyczy;nd;Dane jawne;nd;Nie dotyczy;
303;Ceny detaliczne towarów żywnościowych;740;"Polska, województwa; Towary żywnościowe";33617;POLSKA;180;[zł];566;Towary żywnościowe;5967476;cukier biały kryształ za 1 kg;;;;;;;;;;;;;;;;;;;;;;;;;;;;;253;2022;2022 M07;4,2;ND;Nie dotyczy;nd;Dane jawne;nd;Nie dotyczy;
303;Ceny detaliczne towarów żywnościowych;740;"Polska, województwa; Towary żywnościowe";33617;POLSKA;180;[zł];566;Towary żywnościowe;5967477;sok jabłkowy za 1 l;;;;;;;;;;;;;;;;;;;;;;;;;;;;;253;2022;2022 M07;4,1;ND;Nie dotyczy;nd;Dane jawne;nd;Nie dotyczy;
303;Ceny detaliczne towarów żywnościowych;740;"Polska, województwa; Towary żywnościowe";33617;POLSKA;180;[zł];566;Towary żywnościowe;5967449;chleb pszenno-żytni za 0.5 kg;;;;;;;;;;;;;;;;;;;;;;;;;;;;;254;2022;2022 M08;4,3;ND;Nie dotyczy;nd;Dane jawne;nd;Nie dotyczy;
303;Ceny detaliczne towarów żywnościowych;740;"Polska, województwa; Towary żywnościowe";33617;POLSKA;180;[zł];566;Towary żywnościowe;5967450;mąka pszenna za 1 kg;;;;;;;;;;;;;;;;;;;;;;;;;;;;;254;2022;2022 M08;4,61;ND;Nie dotyczy;nd;Dane jawne;nd;Nie dotyczy;
303;Ceny detaliczne towarów żywnościowych;740;"Polska, województwa; Towary żywnościowe";33617;POLSKA;180;[zł];566;Towary żywnościowe;5967451;kasza jęczmienna za 0.5 kg;;;;;;;;;;;;;;;;;;;;;;;;;;;;;254;2022;2022 M08;3,4;ND;Nie dotyczy;nd;Dane jawne;nd;Nie dotyczy;
303;Ceny detaliczne towarów żywnościowych;740;"Polska, województwa; Towary żywnościowe";33617;POLSKA;180;[zł];566;Towary żywnościowe;5967468;olej rzepakowy produkcji krajowej za 1 l;;;;;;;;;;;;;;;;;;;;;;;;;;;;;254;2022;2022 M08;12,53;ND;Nie dotyczy;nd;Dane jawne;nd;Nie dotyczy;
303;Ceny detaliczne towarów żywnościowych;740;"Polska, województwa; Towary żywnościowe";33617;POLSKA;180;[zł];566;Towary żywnościowe;5967469;pomarańcze za 1 kg;;;;;;;;;;;;;;;;;;;;;;;;;;;;;254;2022;2022 M08;6,93;ND;Nie dotyczy;nd;Dane jawne;nd;Nie dotyczy;
303;Ceny detaliczne towarów żywnościowych;740;"Polska, województwa; Towary żywnościowe";33617;POLSKA;180;[zł];566;Towary żywnościowe;5967470;jabłka za 1 kg;;;;;;;;;;;;;;;;;;;;;;;;;;;;;254;2022;2022 M08;3,66;ND;Nie dotyczy;nd;Dane jawne;nd;Nie dotyczy;
303;Ceny detaliczne towarów żywnościowych;740;"Polska, województwa; Towary żywnościowe";33617;POLSKA;180;[zł];566;Towary żywnościowe;5967472;buraki za 1 kg;;;;;;;;;;;;;;;;;;;;;;;;;;;;;254;2022;2022 M08;3,32;ND;Nie dotyczy;nd;Dane jawne;nd;Nie dotyczy;
303;Ceny detaliczne towarów żywnościowych;740;"Polska, województwa; Towary żywnościowe";33617;POLSKA;180;[zł];566;Towary żywnościowe;5967473;marchew za 1 kg;;;;;;;;;;;;;;;;;;;;;;;;;;;;;254;2022;2022 M08;3,37;ND;Nie dotyczy;nd;Dane jawne;nd;Nie dotyczy;
303;Ceny detaliczne towarów żywnościowych;740;"Polska, województwa; Towary żywnościowe";33617;POLSKA;180;[zł];566;Towary żywnościowe;5967474;cebula za 1 kg;;;;;;;;;;;;;;;;;;;;;;;;;;;;;254;2022;2022 M08;3,39;ND;Nie dotyczy;nd;Dane jawne;nd;Nie dotyczy;
303;Ceny detaliczne towarów żywnościowych;740;"Polska, województwa; Towary żywnościowe";33617;POLSKA;180;[zł];566;Towary żywnościowe;5967475;ziemniaki za 1 kg;;;;;;;;;;;;;;;;;;;;;;;;;;;;;254;2022;2022 M08;2,05;ND;Nie dotyczy;nd;Dane jawne;nd;Nie dotyczy;
303;Ceny detaliczne towarów żywnościowych;740;"Polska, województwa; Towary żywnościowe";33617;POLSKA;180;[zł];566;Towary żywnościowe;5967476;cukier biały kryształ za 1 kg;;;;;;;;;;;;;;;;;;;;;;;;;;;;;254;2022;2022 M08;6,03;ND;Nie dotyczy;nd;Dane jawne;nd;Nie dotyczy;
303;Ceny detaliczne towarów żywnościowych;740;"Polska, województwa; Towary żywnościowe";33617;POLSKA;180;[zł];566;Towary żywnościowe;5967477;sok jabłkowy za 1 l;;;;;;;;;;;;;;;;;;;;;;;;;;;;;254;2022;2022 M08;4,16;ND;Nie dotyczy;nd;Dane jawne;nd;Nie dotyczy;
303;Ceny detaliczne towarów żywnościowych;740;"Polska, województwa; Towary żywnościowe";33617;POLSKA;180;[zł];566;Towary żywnościowe;5967449;chleb pszenno-żytni za 0.5 kg;;;;;;;;;;;;;;;;;;;;;;;;;;;;;255;2022;2022 M09;4,35;ND;Nie dotyczy;nd;Dane jawne;nd;Nie dotyczy;
303;Ceny detaliczne towarów żywnościowych;740;"Polska, województwa; Towary żywnościowe";33617;POLSKA;180;[zł];566;Towary żywnościowe;5967450;mąka pszenna za 1 kg;;;;;;;;;;;;;;;;;;;;;;;;;;;;;255;2022;2022 M09;4,7;ND;Nie dotyczy;nd;Dane jawne;nd;Nie dotyczy;
303;Ceny detaliczne towarów żywnościowych;740;"Polska, województwa; Towary żywnościowe";33617;POLSKA;180;[zł];566;Towary żywnościowe;5967451;kasza jęczmienna za 0.5 kg;;;;;;;;;;;;;;;;;;;;;;;;;;;;;255;2022;2022 M09;3,52;ND;Nie dotyczy;nd;Dane jawne;nd;Nie dotyczy;
303;Ceny detaliczne towarów żywnościowych;740;"Polska, województwa; Towary żywnościowe";33617;POLSKA;180;[zł];566;Towary żywnościowe;5967468;olej rzepakowy produkcji krajowej za 1 l;;;;;;;;;;;;;;;;;;;;;;;;;;;;;255;2022;2022 M09;12,59;ND;Nie dotyczy;nd;Dane jawne;nd;Nie dotyczy;
303;Ceny detaliczne towarów żywnościowych;740;"Polska, województwa; Towary żywnościowe";33617;POLSKA;180;[zł];566;Towary żywnościowe;5967469;pomarańcze za 1 kg;;;;;;;;;;;;;;;;;;;;;;;;;;;;;255;2022;2022 M09;7,7;ND;Nie dotyczy;nd;Dane jawne;nd;Nie dotyczy;
303;Ceny detaliczne towarów żywnościowych;740;"Polska, województwa; Towary żywnościowe";33617;POLSKA;180;[zł];566;Towary żywnościowe;5967470;jabłka za 1 kg;;;;;;;;;;;;;;;;;;;;;;;;;;;;;255;2022;2022 M09;3,6;ND;Nie dotyczy;nd;Dane jawne;nd;Nie dotyczy;
303;Ceny detaliczne towarów żywnościowych;740;"Polska, województwa; Towary żywnościowe";33617;POLSKA;180;[zł];566;Towary żywnościowe;5967472;buraki za 1 kg;;;;;;;;;;;;;;;;;;;;;;;;;;;;;255;2022;2022 M09;3,11;ND;Nie dotyczy;nd;Dane jawne;nd;Nie dotyczy;
303;Ceny detaliczne towarów żywnościowych;740;"Polska, województwa; Towary żywnościowe";33617;POLSKA;180;[zł];566;Towary żywnościowe;5967473;marchew za 1 kg;;;;;;;;;;;;;;;;;;;;;;;;;;;;;255;2022;2022 M09;3,17;ND;Nie dotyczy;nd;Dane jawne;nd;Nie dotyczy;
303;Ceny detaliczne towarów żywnościowych;740;"Polska, województwa; Towary żywnościowe";33617;POLSKA;180;[zł];566;Towary żywnościowe;5967474;cebula za 1 kg;;;;;;;;;;;;;;;;;;;;;;;;;;;;;255;2022;2022 M09;3,58;ND;Nie dotyczy;nd;Dane jawne;nd;Nie dotyczy;
303;Ceny detaliczne towarów żywnościowych;740;"Polska, województwa; Towary żywnościowe";33617;POLSKA;180;[zł];566;Towary żywnościowe;5967475;ziemniaki za 1 kg;;;;;;;;;;;;;;;;;;;;;;;;;;;;;255;2022;2022 M09;2,09;ND;Nie dotyczy;nd;Dane jawne;nd;Nie dotyczy;
303;Ceny detaliczne towarów żywnościowych;740;"Polska, województwa; Towary żywnościowe";33617;POLSKA;180;[zł];566;Towary żywnościowe;5967476;cukier biały kryształ za 1 kg;;;;;;;;;;;;;;;;;;;;;;;;;;;;;255;2022;2022 M09;6,06;ND;Nie dotyczy;nd;Dane jawne;nd;Nie dotyczy;
303;Ceny detaliczne towarów żywnościowych;740;"Polska, województwa; Towary żywnościowe";33617;POLSKA;180;[zł];566;Towary żywnościowe;5967477;sok jabłkowy za 1 l;;;;;;;;;;;;;;;;;;;;;;;;;;;;;255;2022;2022 M09;4,18;ND;Nie dotyczy;nd;Dane jawne;nd;Nie dotyczy;
303;Ceny detaliczne towarów żywnościowych;740;"Polska, województwa; Towary żywnościowe";33617;POLSKA;180;[zł];566;Towary żywnościowe;5967449;chleb pszenno-żytni za 0.5 kg;;;;;;;;;;;;;;;;;;;;;;;;;;;;;256;2022;2022 M10;4,44;ND;Nie dotyczy;nd;Dane jawne;nd;Nie dotyczy;
303;Ceny detaliczne towarów żywnościowych;740;"Polska, województwa; Towary żywnościowe";33617;POLSKA;180;[zł];566;Towary żywnościowe;5967450;mąka pszenna za 1 kg;;;;;;;;;;;;;;;;;;;;;;;;;;;;;256;2022;2022 M10;4,71;ND;Nie dotyczy;nd;Dane jawne;nd;Nie dotyczy;
303;Ceny detaliczne towarów żywnościowych;740;"Polska, województwa; Towary żywnościowe";33617;POLSKA;180;[zł];566;Towary żywnościowe;5967451;kasza jęczmienna za 0.5 kg;;;;;;;;;;;;;;;;;;;;;;;;;;;;;256;2022;2022 M10;3,58;ND;Nie dotyczy;nd;Dane jawne;nd;Nie dotyczy;
303;Ceny detaliczne towarów żywnościowych;740;"Polska, województwa; Towary żywnościowe";33617;POLSKA;180;[zł];566;Towary żywnościowe;5967468;olej rzepakowy produkcji krajowej za 1 l;;;;;;;;;;;;;;;;;;;;;;;;;;;;;256;2022;2022 M10;12,6;ND;Nie dotyczy;nd;Dane jawne;nd;Nie dotyczy;
303;Ceny detaliczne towarów żywnościowych;740;"Polska, województwa; Towary żywnościowe";33617;POLSKA;180;[zł];566;Towary żywnościowe;5967469;pomarańcze za 1 kg;;;;;;;;;;;;;;;;;;;;;;;;;;;;;256;2022;2022 M10;7,93;ND;Nie dotyczy;nd;Dane jawne;nd;Nie dotyczy;
303;Ceny detaliczne towarów żywnościowych;740;"Polska, województwa; Towary żywnościowe";33617;POLSKA;180;[zł];566;Towary żywnościowe;5967470;jabłka za 1 kg;;;;;;;;;;;;;;;;;;;;;;;;;;;;;256;2022;2022 M10;3,33;ND;Nie dotyczy;nd;Dane jawne;nd;Nie dotyczy;
303;Ceny detaliczne towarów żywnościowych;740;"Polska, województwa; Towary żywnościowe";33617;POLSKA;180;[zł];566;Towary żywnościowe;5967472;buraki za 1 kg;;;;;;;;;;;;;;;;;;;;;;;;;;;;;256;2022;2022 M10;2,99;ND;Nie dotyczy;nd;Dane jawne;nd;Nie dotyczy;
303;Ceny detaliczne towarów żywnościowych;740;"Polska, województwa; Towary żywnościowe";33617;POLSKA;180;[zł];566;Towary żywnościowe;5967473;marchew za 1 kg;;;;;;;;;;;;;;;;;;;;;;;;;;;;;256;2022;2022 M10;3,16;ND;Nie dotyczy;nd;Dane jawne;nd;Nie dotyczy;
303;Ceny detaliczne towarów żywnościowych;740;"Polska, województwa; Towary żywnościowe";33617;POLSKA;180;[zł];566;Towary żywnościowe;5967474;cebula za 1 kg;;;;;;;;;;;;;;;;;;;;;;;;;;;;;256;2022;2022 M10;3,55;ND;Nie dotyczy;nd;Dane jawne;nd;Nie dotyczy;
303;Ceny detaliczne towarów żywnościowych;740;"Polska, województwa; Towary żywnościowe";33617;POLSKA;180;[zł];566;Towary żywnościowe;5967475;ziemniaki za 1 kg;;;;;;;;;;;;;;;;;;;;;;;;;;;;;256;2022;2022 M10;2,09;ND;Nie dotyczy;nd;Dane jawne;nd;Nie dotyczy;
303;Ceny detaliczne towarów żywnościowych;740;"Polska, województwa; Towary żywnościowe";33617;POLSKA;180;[zł];566;Towary żywnościowe;5967476;cukier biały kryształ za 1 kg;;;;;;;;;;;;;;;;;;;;;;;;;;;;;256;2022;2022 M10;6,21;ND;Nie dotyczy;nd;Dane jawne;nd;Nie dotyczy;
303;Ceny detaliczne towarów żywnościowych;740;"Polska, województwa; Towary żywnościowe";33617;POLSKA;180;[zł];566;Towary żywnościowe;5967477;sok jabłkowy za 1 l;;;;;;;;;;;;;;;;;;;;;;;;;;;;;256;2022;2022 M10;4,23;ND;Nie dotyczy;nd;Dane jawne;nd;Nie dotyczy;
303;Ceny detaliczne towarów żywnościowych;740;"Polska, województwa; Towary żywnościowe";33617;POLSKA;180;[zł];566;Towary żywnościowe;5967449;chleb pszenno-żytni za 0.5 kg;;;;;;;;;;;;;;;;;;;;;;;;;;;;;257;2022;2022 M11;4,51;ND;Nie dotyczy;nd;Dane jawne;nd;Nie dotyczy;
303;Ceny detaliczne towarów żywnościowych;740;"Polska, województwa; Towary żywnościowe";33617;POLSKA;180;[zł];566;Towary żywnościowe;5967450;mąka pszenna za 1 kg;;;;;;;;;;;;;;;;;;;;;;;;;;;;;257;2022;2022 M11;4,69;ND;Nie dotyczy;nd;Dane jawne;nd;Nie dotyczy;
303;Ceny detaliczne towarów żywnościowych;740;"Polska, województwa; Towary żywnościowe";33617;POLSKA;180;[zł];566;Towary żywnościowe;5967451;kasza jęczmienna za 0.5 kg;;;;;;;;;;;;;;;;;;;;;;;;;;;;;257;2022;2022 M11;3,68;ND;Nie dotyczy;nd;Dane jawne;nd;Nie dotyczy;
303;Ceny detaliczne towarów żywnościowych;740;"Polska, województwa; Towary żywnościowe";33617;POLSKA;180;[zł];566;Towary żywnościowe;5967468;olej rzepakowy produkcji krajowej za 1 l;;;;;;;;;;;;;;;;;;;;;;;;;;;;;257;2022;2022 M11;12,54;ND;Nie dotyczy;nd;Dane jawne;nd;Nie dotyczy;
303;Ceny detaliczne towarów żywnościowych;740;"Polska, województwa; Towary żywnościowe";33617;POLSKA;180;[zł];566;Towary żywnościowe;5967469;pomarańcze za 1 kg;;;;;;;;;;;;;;;;;;;;;;;;;;;;;257;2022;2022 M11;7,49;ND;Nie dotyczy;nd;Dane jawne;nd;Nie dotyczy;
303;Ceny detaliczne towarów żywnościowych;740;"Polska, województwa; Towary żywnościowe";33617;POLSKA;180;[zł];566;Towary żywnościowe;5967470;jabłka za 1 kg;;;;;;;;;;;;;;;;;;;;;;;;;;;;;257;2022;2022 M11;3,21;ND;Nie dotyczy;nd;Dane jawne;nd;Nie dotyczy;
303;Ceny detaliczne towarów żywnościowych;740;"Polska, województwa; Towary żywnościowe";33617;POLSKA;180;[zł];566;Towary żywnościowe;5967472;buraki za 1 kg;;;;;;;;;;;;;;;;;;;;;;;;;;;;;257;2022;2022 M11;2,97;ND;Nie dotyczy;nd;Dane jawne;nd;Nie dotyczy;
303;Ceny detaliczne towarów żywnościowych;740;"Polska, województwa; Towary żywnościowe";33617;POLSKA;180;[zł];566;Towary żywnościowe;5967473;marchew za 1 kg;;;;;;;;;;;;;;;;;;;;;;;;;;;;;257;2022;2022 M11;3,17;ND;Nie dotyczy;nd;Dane jawne;nd;Nie dotyczy;
303;Ceny detaliczne towarów żywnościowych;740;"Polska, województwa; Towary żywnościowe";33617;POLSKA;180;[zł];566;Towary żywnościowe;5967474;cebula za 1 kg;;;;;;;;;;;;;;;;;;;;;;;;;;;;;257;2022;2022 M11;3,71;ND;Nie dotyczy;nd;Dane jawne;nd;Nie dotyczy;
303;Ceny detaliczne towarów żywnościowych;740;"Polska, województwa; Towary żywnościowe";33617;POLSKA;180;[zł];566;Towary żywnościowe;5967475;ziemniaki za 1 kg;;;;;;;;;;;;;;;;;;;;;;;;;;;;;257;2022;2022 M11;2,12;ND;Nie dotyczy;nd;Dane jawne;nd;Nie dotyczy;
303;Ceny detaliczne towarów żywnościowych;740;"Polska, województwa; Towary żywnościowe";33617;POLSKA;180;[zł];566;Towary żywnościowe;5967476;cukier biały kryształ za 1 kg;;;;;;;;;;;;;;;;;;;;;;;;;;;;;257;2022;2022 M11;6,35;ND;Nie dotyczy;nd;Dane jawne;nd;Nie dotyczy;
303;Ceny detaliczne towarów żywnościowych;740;"Polska, województwa; Towary żywnościowe";33617;POLSKA;180;[zł];566;Towary żywnościowe;5967477;sok jabłkowy za 1 l;;;;;;;;;;;;;;;;;;;;;;;;;;;;;257;2022;2022 M11;4,27;ND;Nie dotyczy;nd;Dane jawne;nd;Nie dotyczy;
303;Ceny detaliczne towarów żywnościowych;740;"Polska, województwa; Towary żywnościowe";33617;POLSKA;180;[zł];566;Towary żywnościowe;5967449;chleb pszenno-żytni za 0.5 kg;;;;;;;;;;;;;;;;;;;;;;;;;;;;;258;2022;2022 M12;4,56;ND;Nie dotyczy;nd;Dane jawne;nd;Nie dotyczy;
303;Ceny detaliczne towarów żywnościowych;740;"Polska, województwa; Towary żywnościowe";33617;POLSKA;180;[zł];566;Towary żywnościowe;5967450;mąka pszenna za 1 kg;;;;;;;;;;;;;;;;;;;;;;;;;;;;;258;2022;2022 M12;4,67;ND;Nie dotyczy;nd;Dane jawne;nd;Nie dotyczy;
303;Ceny detaliczne towarów żywnościowych;740;"Polska, województwa; Towary żywnościowe";33617;POLSKA;180;[zł];566;Towary żywnościowe;5967451;kasza jęczmienna za 0.5 kg;;;;;;;;;;;;;;;;;;;;;;;;;;;;;258;2022;2022 M12;3,72;ND;Nie dotyczy;nd;Dane jawne;nd;Nie dotyczy;
303;Ceny detaliczne towarów żywnościowych;740;"Polska, województwa; Towary żywnościowe";33617;POLSKA;180;[zł];566;Towary żywnościowe;5967468;olej rzepakowy produkcji krajowej za 1 l;;;;;;;;;;;;;;;;;;;;;;;;;;;;;258;2022;2022 M12;12,53;ND;Nie dotyczy;nd;Dane jawne;nd;Nie dotyczy;
303;Ceny detaliczne towarów żywnościowych;740;"Polska, województwa; Towary żywnościowe";33617;POLSKA;180;[zł];566;Towary żywnościowe;5967469;pomarańcze za 1 kg;;;;;;;;;;;;;;;;;;;;;;;;;;;;;258;2022;2022 M12;6,97;ND;Nie dotyczy;nd;Dane jawne;nd;Nie dotyczy;
303;Ceny detaliczne towarów żywnościowych;740;"Polska, województwa; Towary żywnościowe";33617;POLSKA;180;[zł];566;Towary żywnościowe;5967470;jabłka za 1 kg;;;;;;;;;;;;;;;;;;;;;;;;;;;;;258;2022;2022 M12;3,28;ND;Nie dotyczy;nd;Dane jawne;nd;Nie dotyczy;
303;Ceny detaliczne towarów żywnościowych;740;"Polska, województwa; Towary żywnościowe";33617;POLSKA;180;[zł];566;Towary żywnościowe;5967472;buraki za 1 kg;;;;;;;;;;;;;;;;;;;;;;;;;;;;;258;2022;2022 M12;2,94;ND;Nie dotyczy;nd;Dane jawne;nd;Nie dotyczy;
303;Ceny detaliczne towarów żywnościowych;740;"Polska, województwa; Towary żywnościowe";33617;POLSKA;180;[zł];566;Towary żywnościowe;5967473;marchew za 1 kg;;;;;;;;;;;;;;;;;;;;;;;;;;;;;258;2022;2022 M12;3,18;ND;Nie dotyczy;nd;Dane jawne;nd;Nie dotyczy;
303;Ceny detaliczne towarów żywnościowych;740;"Polska, województwa; Towary żywnościowe";33617;POLSKA;180;[zł];566;Towary żywnościowe;5967474;cebula za 1 kg;;;;;;;;;;;;;;;;;;;;;;;;;;;;;258;2022;2022 M12;3,76;ND;Nie dotyczy;nd;Dane jawne;nd;Nie dotyczy;
303;Ceny detaliczne towarów żywnościowych;740;"Polska, województwa; Towary żywnościowe";33617;POLSKA;180;[zł];566;Towary żywnościowe;5967475;ziemniaki za 1 kg;;;;;;;;;;;;;;;;;;;;;;;;;;;;;258;2022;2022 M12;2,19;ND;Nie dotyczy;nd;Dane jawne;nd;Nie dotyczy;
303;Ceny detaliczne towarów żywnościowych;740;"Polska, województwa; Towary żywnościowe";33617;POLSKA;180;[zł];566;Towary żywnościowe;5967476;cukier biały kryształ za 1 kg;;;;;;;;;;;;;;;;;;;;;;;;;;;;;258;2022;2022 M12;6,35;ND;Nie dotyczy;nd;Dane jawne;nd;Nie dotyczy;
303;Ceny detaliczne towarów żywnościowych;740;"Polska, województwa; Towary żywnościowe";33617;POLSKA;180;[zł];566;Towary żywnościowe;5967477;sok jabłkowy za 1 l;;;;;;;;;;;;;;;;;;;;;;;;;;;;;258;2022;2022 M12;4,27;ND;Nie dotyczy;nd;Dane jawne;nd;Nie dotyczy;
303;Ceny detaliczne towarów żywnościowych;740;"Polska, województwa; Towary żywnościowe";33617;POLSKA;180;[zł];566;Towary żywnościowe;5967449;chleb pszenno-żytni za 0.5 kg;;;;;;;;;;;;;;;;;;;;;;;;;;;;;247;2023;2023 M01;4,7;ND;Nie dotyczy;nd;Dane jawne;nd;Nie dotyczy;
303;Ceny detaliczne towarów żywnościowych;740;"Polska, województwa; Towary żywnościowe";33617;POLSKA;180;[zł];566;Towary żywnościowe;5967450;mąka pszenna za 1 kg;;;;;;;;;;;;;;;;;;;;;;;;;;;;;247;2023;2023 M01;4,82;ND;Nie dotyczy;nd;Dane jawne;nd;Nie dotyczy;
303;Ceny detaliczne towarów żywnościowych;740;"Polska, województwa; Towary żywnościowe";33617;POLSKA;180;[zł];566;Towary żywnościowe;5967451;kasza jęczmienna za 0.5 kg;;;;;;;;;;;;;;;;;;;;;;;;;;;;;247;2023;2023 M01;3,79;ND;Nie dotyczy;nd;Dane jawne;nd;Nie dotyczy;
303;Ceny detaliczne towarów żywnościowych;740;"Polska, województwa; Towary żywnościowe";33617;POLSKA;180;[zł];566;Towary żywnościowe;5967468;olej rzepakowy produkcji krajowej za 1 l;;;;;;;;;;;;;;;;;;;;;;;;;;;;;247;2023;2023 M01;12,57;ND;Nie dotyczy;nd;Dane jawne;nd;Nie dotyczy;
303;Ceny detaliczne towarów żywnościowych;740;"Polska, województwa; Towary żywnościowe";33617;POLSKA;180;[zł];566;Towary żywnościowe;5967469;pomarańcze za 1 kg;;;;;;;;;;;;;;;;;;;;;;;;;;;;;247;2023;2023 M01;7,17;ND;Nie dotyczy;nd;Dane jawne;nd;Nie dotyczy;
303;Ceny detaliczne towarów żywnościowych;740;"Polska, województwa; Towary żywnościowe";33617;POLSKA;180;[zł];566;Towary żywnościowe;5967470;jabłka za 1 kg;;;;;;;;;;;;;;;;;;;;;;;;;;;;;247;2023;2023 M01;3,32;ND;Nie dotyczy;nd;Dane jawne;nd;Nie dotyczy;
303;Ceny detaliczne towarów żywnościowych;740;"Polska, województwa; Towary żywnościowe";33617;POLSKA;180;[zł];566;Towary żywnościowe;5967472;buraki za 1 kg;;;;;;;;;;;;;;;;;;;;;;;;;;;;;247;2023;2023 M01;3,07;ND;Nie dotyczy;nd;Dane jawne;nd;Nie dotyczy;
303;Ceny detaliczne towarów żywnościowych;740;"Polska, województwa; Towary żywnościowe";33617;POLSKA;180;[zł];566;Towary żywnościowe;5967473;marchew za 1 kg;;;;;;;;;;;;;;;;;;;;;;;;;;;;;247;2023;2023 M01;3,42;ND;Nie dotyczy;nd;Dane jawne;nd;Nie dotyczy;
303;Ceny detaliczne towarów żywnościowych;740;"Polska, województwa; Towary żywnościowe";33617;POLSKA;180;[zł];566;Towary żywnościowe;5967474;cebula za 1 kg;;;;;;;;;;;;;;;;;;;;;;;;;;;;;247;2023;2023 M01;3,85;ND;Nie dotyczy;nd;Dane jawne;nd;Nie dotyczy;
303;Ceny detaliczne towarów żywnościowych;740;"Polska, województwa; Towary żywnościowe";33617;POLSKA;180;[zł];566;Towary żywnościowe;5967475;ziemniaki za 1 kg;;;;;;;;;;;;;;;;;;;;;;;;;;;;;247;2023;2023 M01;2,25;ND;Nie dotyczy;nd;Dane jawne;nd;Nie dotyczy;
303;Ceny detaliczne towarów żywnościowych;740;"Polska, województwa; Towary żywnościowe";33617;POLSKA;180;[zł];566;Towary żywnościowe;5967476;cukier biały kryształ za 1 kg;;;;;;;;;;;;;;;;;;;;;;;;;;;;;247;2023;2023 M01;6,4;ND;Nie dotyczy;nd;Dane jawne;nd;Nie dotyczy;
303;Ceny detaliczne towarów żywnościowych;740;"Polska, województwa; Towary żywnościowe";33617;POLSKA;180;[zł];566;Towary żywnościowe;5967477;sok jabłkowy za 1 l;;;;;;;;;;;;;;;;;;;;;;;;;;;;;247;2023;2023 M01;4,36;ND;Nie dotyczy;nd;Dane jawne;nd;Nie dotyczy;
303;Ceny detaliczne towarów żywnościowych;740;"Polska, województwa; Towary żywnościowe";33617;POLSKA;180;[zł];566;Towary żywnościowe;5967449;chleb pszenno-żytni za 0.5 kg;;;;;;;;;;;;;;;;;;;;;;;;;;;;;248;2023;2023 M02;4,78;ND;Nie dotyczy;nd;Dane jawne;nd;Nie dotyczy;
303;Ceny detaliczne towarów żywnościowych;740;"Polska, województwa; Towary żywnościowe";33617;POLSKA;180;[zł];566;Towary żywnościowe;5967450;mąka pszenna za 1 kg;;;;;;;;;;;;;;;;;;;;;;;;;;;;;248;2023;2023 M02;4,84;ND;Nie dotyczy;nd;Dane jawne;nd;Nie dotyczy;
303;Ceny detaliczne towarów żywnościowych;740;"Polska, województwa; Towary żywnościowe";33617;POLSKA;180;[zł];566;Towary żywnościowe;5967451;kasza jęczmienna za 0.5 kg;;;;;;;;;;;;;;;;;;;;;;;;;;;;;248;2023;2023 M02;3,83;ND;Nie dotyczy;nd;Dane jawne;nd;Nie dotyczy;
303;Ceny detaliczne towarów żywnościowych;740;"Polska, województwa; Towary żywnościowe";33617;POLSKA;180;[zł];566;Towary żywnościowe;5967468;olej rzepakowy produkcji krajowej za 1 l;;;;;;;;;;;;;;;;;;;;;;;;;;;;;248;2023;2023 M02;12,44;ND;Nie dotyczy;nd;Dane jawne;nd;Nie dotyczy;
303;Ceny detaliczne towarów żywnościowych;740;"Polska, województwa; Towary żywnościowe";33617;POLSKA;180;[zł];566;Towary żywnościowe;5967469;pomarańcze za 1 kg;;;;;;;;;;;;;;;;;;;;;;;;;;;;;248;2023;2023 M02;7,1;ND;Nie dotyczy;nd;Dane jawne;nd;Nie dotyczy;
303;Ceny detaliczne towarów żywnościowych;740;"Polska, województwa; Towary żywnościowe";33617;POLSKA;180;[zł];566;Towary żywnościowe;5967470;jabłka za 1 kg;;;;;;;;;;;;;;;;;;;;;;;;;;;;;248;2023;2023 M02;3,34;ND;Nie dotyczy;nd;Dane jawne;nd;Nie dotyczy;
303;Ceny detaliczne towarów żywnościowych;740;"Polska, województwa; Towary żywnościowe";33617;POLSKA;180;[zł];566;Towary żywnościowe;5967472;buraki za 1 kg;;;;;;;;;;;;;;;;;;;;;;;;;;;;;248;2023;2023 M02;3,12;ND;Nie dotyczy;nd;Dane jawne;nd;Nie dotyczy;
303;Ceny detaliczne towarów żywnościowych;740;"Polska, województwa; Towary żywnościowe";33617;POLSKA;180;[zł];566;Towary żywnościowe;5967473;marchew za 1 kg;;;;;;;;;;;;;;;;;;;;;;;;;;;;;248;2023;2023 M02;3,71;ND;Nie dotyczy;nd;Dane jawne;nd;Nie dotyczy;
303;Ceny detaliczne towarów żywnościowych;740;"Polska, województwa; Towary żywnościowe";33617;POLSKA;180;[zł];566;Towary żywnościowe;5967474;cebula za 1 kg;;;;;;;;;;;;;;;;;;;;;;;;;;;;;248;2023;2023 M02;4,45;ND;Nie dotyczy;nd;Dane jawne;nd;Nie dotyczy;
303;Ceny detaliczne towarów żywnościowych;740;"Polska, województwa; Towary żywnościowe";33617;POLSKA;180;[zł];566;Towary żywnościowe;5967475;ziemniaki za 1 kg;;;;;;;;;;;;;;;;;;;;;;;;;;;;;248;2023;2023 M02;2,22;ND;Nie dotyczy;nd;Dane jawne;nd;Nie dotyczy;
303;Ceny detaliczne towarów żywnościowych;740;"Polska, województwa; Towary żywnościowe";33617;POLSKA;180;[zł];566;Towary żywnościowe;5967476;cukier biały kryształ za 1 kg;;;;;;;;;;;;;;;;;;;;;;;;;;;;;248;2023;2023 M02;6,34;ND;Nie dotyczy;nd;Dane jawne;nd;Nie dotyczy;
303;Ceny detaliczne towarów żywnościowych;740;"Polska, województwa; Towary żywnościowe";33617;POLSKA;180;[zł];566;Towary żywnościowe;5967477;sok jabłkowy za 1 l;;;;;;;;;;;;;;;;;;;;;;;;;;;;;248;2023;2023 M02;4,43;ND;Nie dotyczy;nd;Dane jawne;nd;Nie dotyczy;
303;Ceny detaliczne towarów żywnościowych;740;"Polska, województwa; Towary żywnościowe";33617;POLSKA;180;[zł];566;Towary żywnościowe;5967449;chleb pszenno-żytni za 0.5 kg;;;;;;;;;;;;;;;;;;;;;;;;;;;;;249;2023;2023 M03;4,81;ND;Nie dotyczy;nd;Dane jawne;nd;Nie dotyczy;
303;Ceny detaliczne towarów żywnościowych;740;"Polska, województwa; Towary żywnościowe";33617;POLSKA;180;[zł];566;Towary żywnościowe;5967450;mąka pszenna za 1 kg;;;;;;;;;;;;;;;;;;;;;;;;;;;;;249;2023;2023 M03;4,89;ND;Nie dotyczy;nd;Dane jawne;nd;Nie dotyczy;
303;Ceny detaliczne towarów żywnościowych;740;"Polska, województwa; Towary żywnościowe";33617;POLSKA;180;[zł];566;Towary żywnościowe;5967451;kasza jęczmienna za 0.5 kg;;;;;;;;;;;;;;;;;;;;;;;;;;;;;249;2023;2023 M03;3,83;ND;Nie dotyczy;nd;Dane jawne;nd;Nie dotyczy;
303;Ceny detaliczne towarów żywnościowych;740;"Polska, województwa; Towary żywnościowe";33617;POLSKA;180;[zł];566;Towary żywnościowe;5967468;olej rzepakowy produkcji krajowej za 1 l;;;;;;;;;;;;;;;;;;;;;;;;;;;;;249;2023;2023 M03;12,04;ND;Nie dotyczy;nd;Dane jawne;nd;Nie dotyczy;
303;Ceny detaliczne towarów żywnościowych;740;"Polska, województwa; Towary żywnościowe";33617;POLSKA;180;[zł];566;Towary żywnościowe;5967469;pomarańcze za 1 kg;;;;;;;;;;;;;;;;;;;;;;;;;;;;;249;2023;2023 M03;7,12;ND;Nie dotyczy;nd;Dane jawne;nd;Nie dotyczy;
303;Ceny detaliczne towarów żywnościowych;740;"Polska, województwa; Towary żywnościowe";33617;POLSKA;180;[zł];566;Towary żywnościowe;5967470;jabłka za 1 kg;;;;;;;;;;;;;;;;;;;;;;;;;;;;;249;2023;2023 M03;3,32;ND;Nie dotyczy;nd;Dane jawne;nd;Nie dotyczy;
303;Ceny detaliczne towarów żywnościowych;740;"Polska, województwa; Towary żywnościowe";33617;POLSKA;180;[zł];566;Towary żywnościowe;5967472;buraki za 1 kg;;;;;;;;;;;;;;;;;;;;;;;;;;;;;249;2023;2023 M03;3,12;ND;Nie dotyczy;nd;Dane jawne;nd;Nie dotyczy;
303;Ceny detaliczne towarów żywnościowych;740;"Polska, województwa; Towary żywnościowe";33617;POLSKA;180;[zł];566;Towary żywnościowe;5967473;marchew za 1 kg;;;;;;;;;;;;;;;;;;;;;;;;;;;;;249;2023;2023 M03;4,36;ND;Nie dotyczy;nd;Dane jawne;nd;Nie dotyczy;
303;Ceny detaliczne towarów żywnościowych;740;"Polska, województwa; Towary żywnościowe";33617;POLSKA;180;[zł];566;Towary żywnościowe;5967474;cebula za 1 kg;;;;;;;;;;;;;;;;;;;;;;;;;;;;;249;2023;2023 M03;5,97;ND;Nie dotyczy;nd;Dane jawne;nd;Nie dotyczy;
303;Ceny detaliczne towarów żywnościowych;740;"Polska, województwa; Towary żywnościowe";33617;POLSKA;180;[zł];566;Towary żywnościowe;5967475;ziemniaki za 1 kg;;;;;;;;;;;;;;;;;;;;;;;;;;;;;249;2023;2023 M03;2,27;ND;Nie dotyczy;nd;Dane jawne;nd;Nie dotyczy;
303;Ceny detaliczne towarów żywnościowych;740;"Polska, województwa; Towary żywnościowe";33617;POLSKA;180;[zł];566;Towary żywnościowe;5967476;cukier biały kryształ za 1 kg;;;;;;;;;;;;;;;;;;;;;;;;;;;;;249;2023;2023 M03;6,32;ND;Nie dotyczy;nd;Dane jawne;nd;Nie dotyczy;
303;Ceny detaliczne towarów żywnościowych;740;"Polska, województwa; Towary żywnościowe";33617;POLSKA;180;[zł];566;Towary żywnościowe;5967477;sok jabłkowy za 1 l;;;;;;;;;;;;;;;;;;;;;;;;;;;;;249;2023;2023 M03;4,4;ND;Nie dotyczy;nd;Dane jawne;nd;Nie dotyczy;
303;Ceny detaliczne towarów żywnościowych;740;"Polska, województwa; Towary żywnościowe";33617;POLSKA;180;[zł];566;Towary żywnościowe;5967449;chleb pszenno-żytni za 0.5 kg;;;;;;;;;;;;;;;;;;;;;;;;;;;;;250;2023;2023 M04;4,84;ND;Nie dotyczy;nd;Dane jawne;nd;Nie dotyczy;
303;Ceny detaliczne towarów żywnościowych;740;"Polska, województwa; Towary żywnościowe";33617;POLSKA;180;[zł];566;Towary żywnościowe;5967450;mąka pszenna za 1 kg;;;;;;;;;;;;;;;;;;;;;;;;;;;;;250;2023;2023 M04;4,83;ND;Nie dotyczy;nd;Dane jawne;nd;Nie dotyczy;
303;Ceny detaliczne towarów żywnościowych;740;"Polska, województwa; Towary żywnościowe";33617;POLSKA;180;[zł];566;Towary żywnościowe;5967451;kasza jęczmienna za 0.5 kg;;;;;;;;;;;;;;;;;;;;;;;;;;;;;250;2023;2023 M04;3,81;ND;Nie dotyczy;nd;Dane jawne;nd;Nie dotyczy;
303;Ceny detaliczne towarów żywnościowych;740;"Polska, województwa; Towary żywnościowe";33617;POLSKA;180;[zł];566;Towary żywnościowe;5967468;olej rzepakowy produkcji krajowej za 1 l;;;;;;;;;;;;;;;;;;;;;;;;;;;;;250;2023;2023 M04;11,09;ND;Nie dotyczy;nd;Dane jawne;nd;Nie dotyczy;
303;Ceny detaliczne towarów żywnościowych;740;"Polska, województwa; Towary żywnościowe";33617;POLSKA;180;[zł];566;Towary żywnościowe;5967469;pomarańcze za 1 kg;;;;;;;;;;;;;;;;;;;;;;;;;;;;;250;2023;2023 M04;7,44;ND;Nie dotyczy;nd;Dane jawne;nd;Nie dotyczy;
303;Ceny detaliczne towarów żywnościowych;740;"Polska, województwa; Towary żywnościowe";33617;POLSKA;180;[zł];566;Towary żywnościowe;5967470;jabłka za 1 kg;;;;;;;;;;;;;;;;;;;;;;;;;;;;;250;2023;2023 M04;3,47;ND;Nie dotyczy;nd;Dane jawne;nd;Nie dotyczy;
303;Ceny detaliczne towarów żywnościowych;740;"Polska, województwa; Towary żywnościowe";33617;POLSKA;180;[zł];566;Towary żywnościowe;5967472;buraki za 1 kg;;;;;;;;;;;;;;;;;;;;;;;;;;;;;250;2023;2023 M04;3,08;ND;Nie dotyczy;nd;Dane jawne;nd;Nie dotyczy;
303;Ceny detaliczne towarów żywnościowych;740;"Polska, województwa; Towary żywnościowe";33617;POLSKA;180;[zł];566;Towary żywnościowe;5967473;marchew za 1 kg;;;;;;;;;;;;;;;;;;;;;;;;;;;;;250;2023;2023 M04;4,89;ND;Nie dotyczy;nd;Dane jawne;nd;Nie dotyczy;
303;Ceny detaliczne towarów żywnościowych;740;"Polska, województwa; Towary żywnościowe";33617;POLSKA;180;[zł];566;Towary żywnościowe;5967474;cebula za 1 kg;;;;;;;;;;;;;;;;;;;;;;;;;;;;;250;2023;2023 M04;6,46;ND;Nie dotyczy;nd;Dane jawne;nd;Nie dotyczy;
303;Ceny detaliczne towarów żywnościowych;740;"Polska, województwa; Towary żywnościowe";33617;POLSKA;180;[zł];566;Towary żywnościowe;5967475;ziemniaki za 1 kg;;;;;;;;;;;;;;;;;;;;;;;;;;;;;250;2023;2023 M04;2,3;ND;Nie dotyczy;nd;Dane jawne;nd;Nie dotyczy;
303;Ceny detaliczne towarów żywnościowych;740;"Polska, województwa; Towary żywnościowe";33617;POLSKA;180;[zł];566;Towary żywnościowe;5967476;cukier biały kryształ za 1 kg;;;;;;;;;;;;;;;;;;;;;;;;;;;;;250;2023;2023 M04;6,29;ND;Nie dotyczy;nd;Dane jawne;nd;Nie dotyczy;
303;Ceny detaliczne towarów żywnościowych;740;"Polska, województwa; Towary żywnościowe";33617;POLSKA;180;[zł];566;Towary żywnościowe;5967477;sok jabłkowy za 1 l;;;;;;;;;;;;;;;;;;;;;;;;;;;;;250;2023;2023 M04;4,49;ND;Nie dotyczy;nd;Dane jawne;nd;Nie dotyczy;
303;Ceny detaliczne towarów żywnościowych;740;"Polska, województwa; Towary żywnościowe";33617;POLSKA;180;[zł];566;Towary żywnościowe;5967449;chleb pszenno-żytni za 0.5 kg;;;;;;;;;;;;;;;;;;;;;;;;;;;;;251;2023;2023 M05;4,83;ND;Nie dotyczy;nd;Dane jawne;nd;Nie dotyczy;
303;Ceny detaliczne towarów żywnościowych;740;"Polska, województwa; Towary żywnościowe";33617;POLSKA;180;[zł];566;Towary żywnościowe;5967450;mąka pszenna za 1 kg;;;;;;;;;;;;;;;;;;;;;;;;;;;;;251;2023;2023 M05;4,84;ND;Nie dotyczy;nd;Dane jawne;nd;Nie dotyczy;
303;Ceny detaliczne towarów żywnościowych;740;"Polska, województwa; Towary żywnościowe";33617;POLSKA;180;[zł];566;Towary żywnościowe;5967451;kasza jęczmienna za 0.5 kg;;;;;;;;;;;;;;;;;;;;;;;;;;;;;251;2023;2023 M05;3,8;ND;Nie dotyczy;nd;Dane jawne;nd;Nie dotyczy;
303;Ceny detaliczne towarów żywnościowych;740;"Polska, województwa; Towary żywnościowe";33617;POLSKA;180;[zł];566;Towary żywnościowe;5967468;olej rzepakowy produkcji krajowej za 1 l;;;;;;;;;;;;;;;;;;;;;;;;;;;;;251;2023;2023 M05;11,14;ND;Nie dotyczy;nd;Dane jawne;nd;Nie dotyczy;
303;Ceny detaliczne towarów żywnościowych;740;"Polska, województwa; Towary żywnościowe";33617;POLSKA;180;[zł];566;Towary żywnościowe;5967469;pomarańcze za 1 kg;;;;;;;;;;;;;;;;;;;;;;;;;;;;;251;2023;2023 M05;7,42;ND;Nie dotyczy;nd;Dane jawne;nd;Nie dotyczy;
303;Ceny detaliczne towarów żywnościowych;740;"Polska, województwa; Towary żywnościowe";33617;POLSKA;180;[zł];566;Towary żywnościowe;5967470;jabłka za 1 kg;;;;;;;;;;;;;;;;;;;;;;;;;;;;;251;2023;2023 M05;3,62;ND;Nie dotyczy;nd;Dane jawne;nd;Nie dotyczy;
303;Ceny detaliczne towarów żywnościowych;740;"Polska, województwa; Towary żywnościowe";33617;POLSKA;180;[zł];566;Towary żywnościowe;5967472;buraki za 1 kg;;;;;;;;;;;;;;;;;;;;;;;;;;;;;251;2023;2023 M05;3,07;ND;Nie dotyczy;nd;Dane jawne;nd;Nie dotyczy;
303;Ceny detaliczne towarów żywnościowych;740;"Polska, województwa; Towary żywnościowe";33617;POLSKA;180;[zł];566;Towary żywnościowe;5967473;marchew za 1 kg;;;;;;;;;;;;;;;;;;;;;;;;;;;;;251;2023;2023 M05;6,06;ND;Nie dotyczy;nd;Dane jawne;nd;Nie dotyczy;
303;Ceny detaliczne towarów żywnościowych;740;"Polska, województwa; Towary żywnościowe";33617;POLSKA;180;[zł];566;Towary żywnościowe;5967474;cebula za 1 kg;;;;;;;;;;;;;;;;;;;;;;;;;;;;;251;2023;2023 M05;6,57;ND;Nie dotyczy;nd;Dane jawne;nd;Nie dotyczy;
303;Ceny detaliczne towarów żywnościowych;740;"Polska, województwa; Towary żywnościowe";33617;POLSKA;180;[zł];566;Towary żywnościowe;5967475;ziemniaki za 1 kg;;;;;;;;;;;;;;;;;;;;;;;;;;;;;251;2023;2023 M05;2,53;ND;Nie dotyczy;nd;Dane jawne;nd;Nie dotyczy;
303;Ceny detaliczne towarów żywnościowych;740;"Polska, województwa; Towary żywnościowe";33617;POLSKA;180;[zł];566;Towary żywnościowe;5967476;cukier biały kryształ za 1 kg;;;;;;;;;;;;;;;;;;;;;;;;;;;;;251;2023;2023 M05;6,25;ND;Nie dotyczy;nd;Dane jawne;nd;Nie dotyczy;
303;Ceny detaliczne towarów żywnościowych;740;"Polska, województwa; Towary żywnościowe";33617;POLSKA;180;[zł];566;Towary żywnościowe;5967477;sok jabłkowy za 1 l;;;;;;;;;;;;;;;;;;;;;;;;;;;;;251;2023;2023 M05;4,57;ND;Nie dotyczy;nd;Dane jawne;nd;Nie dotyczy;
303;Ceny detaliczne towarów żywnościowych;740;"Polska, województwa; Towary żywnościowe";33617;POLSKA;180;[zł];566;Towary żywnościowe;5967449;chleb pszenno-żytni za 0.5 kg;;;;;;;;;;;;;;;;;;;;;;;;;;;;;252;2023;2023 M06;4,84;ND;Nie dotyczy;nd;Dane jawne;nd;Nie dotyczy;
303;Ceny detaliczne towarów żywnościowych;740;"Polska, województwa; Towary żywnościowe";33617;POLSKA;180;[zł];566;Towary żywnościowe;5967450;mąka pszenna za 1 kg;;;;;;;;;;;;;;;;;;;;;;;;;;;;;252;2023;2023 M06;4,81;ND;Nie dotyczy;nd;Dane jawne;nd;Nie dotyczy;
303;Ceny detaliczne towarów żywnościowych;740;"Polska, województwa; Towary żywnościowe";33617;POLSKA;180;[zł];566;Towary żywnościowe;5967451;kasza jęczmienna za 0.5 kg;;;;;;;;;;;;;;;;;;;;;;;;;;;;;252;2023;2023 M06;3,81;ND;Nie dotyczy;nd;Dane jawne;nd;Nie dotyczy;
303;Ceny detaliczne towarów żywnościowych;740;"Polska, województwa; Towary żywnościowe";33617;POLSKA;180;[zł];566;Towary żywnościowe;5967468;olej rzepakowy produkcji krajowej za 1 l;;;;;;;;;;;;;;;;;;;;;;;;;;;;;252;2023;2023 M06;10,83;ND;Nie dotyczy;nd;Dane jawne;nd;Nie dotyczy;
303;Ceny detaliczne towarów żywnościowych;740;"Polska, województwa; Towary żywnościowe";33617;POLSKA;180;[zł];566;Towary żywnościowe;5967469;pomarańcze za 1 kg;;;;;;;;;;;;;;;;;;;;;;;;;;;;;252;2023;2023 M06;7,77;ND;Nie dotyczy;nd;Dane jawne;nd;Nie dotyczy;
303;Ceny detaliczne towarów żywnościowych;740;"Polska, województwa; Towary żywnościowe";33617;POLSKA;180;[zł];566;Towary żywnościowe;5967470;jabłka za 1 kg;;;;;;;;;;;;;;;;;;;;;;;;;;;;;252;2023;2023 M06;3,82;ND;Nie dotyczy;nd;Dane jawne;nd;Nie dotyczy;
303;Ceny detaliczne towarów żywnościowych;740;"Polska, województwa; Towary żywnościowe";33617;POLSKA;180;[zł];566;Towary żywnościowe;5967472;buraki za 1 kg;;;;;;;;;;;;;;;;;;;;;;;;;;;;;252;2023;2023 M06;3,36;ND;Nie dotyczy;nd;Dane jawne;nd;Nie dotyczy;
303;Ceny detaliczne towarów żywnościowych;740;"Polska, województwa; Towary żywnościowe";33617;POLSKA;180;[zł];566;Towary żywnościowe;5967473;marchew za 1 kg;;;;;;;;;;;;;;;;;;;;;;;;;;;;;252;2023;2023 M06;7,08;ND;Nie dotyczy;nd;Dane jawne;nd;Nie dotyczy;
303;Ceny detaliczne towarów żywnościowych;740;"Polska, województwa; Towary żywnościowe";33617;POLSKA;180;[zł];566;Towary żywnościowe;5967474;cebula za 1 kg;;;;;;;;;;;;;;;;;;;;;;;;;;;;;252;2023;2023 M06;6,89;ND;Nie dotyczy;nd;Dane jawne;nd;Nie dotyczy;
303;Ceny detaliczne towarów żywnościowych;740;"Polska, województwa; Towary żywnościowe";33617;POLSKA;180;[zł];566;Towary żywnościowe;5967475;ziemniaki za 1 kg;;;;;;;;;;;;;;;;;;;;;;;;;;;;;252;2023;2023 M06;3,82;ND;Nie dotyczy;nd;Dane jawne;nd;Nie dotyczy;
303;Ceny detaliczne towarów żywnościowych;740;"Polska, województwa; Towary żywnościowe";33617;POLSKA;180;[zł];566;Towary żywnościowe;5967476;cukier biały kryształ za 1 kg;;;;;;;;;;;;;;;;;;;;;;;;;;;;;252;2023;2023 M06;6,2;ND;Nie dotyczy;nd;Dane jawne;nd;Nie dotyczy;
303;Ceny detaliczne towarów żywnościowych;740;"Polska, województwa; Towary żywnościowe";33617;POLSKA;180;[zł];566;Towary żywnościowe;5967477;sok jabłkowy za 1 l;;;;;;;;;;;;;;;;;;;;;;;;;;;;;252;2023;2023 M06;4,59;ND;Nie dotyczy;nd;Dane jawne;nd;Nie dotyczy;
303;Ceny detaliczne towarów żywnościowych;740;"Polska, województwa; Towary żywnościowe";33617;POLSKA;180;[zł];566;Towary żywnościowe;5967449;chleb pszenno-żytni za 0.5 kg;;;;;;;;;;;;;;;;;;;;;;;;;;;;;253;2023;2023 M07;4,84;ND;Nie dotyczy;nd;Dane jawne;nd;Nie dotyczy;
303;Ceny detaliczne towarów żywnościowych;740;"Polska, województwa; Towary żywnościowe";33617;POLSKA;180;[zł];566;Towary żywnościowe;5967450;mąka pszenna za 1 kg;;;;;;;;;;;;;;;;;;;;;;;;;;;;;253;2023;2023 M07;4,67;ND;Nie dotyczy;nd;Dane jawne;nd;Nie dotyczy;
303;Ceny detaliczne towarów żywnościowych;740;"Polska, województwa; Towary żywnościowe";33617;POLSKA;180;[zł];566;Towary żywnościowe;5967451;kasza jęczmienna za 0.5 kg;;;;;;;;;;;;;;;;;;;;;;;;;;;;;253;2023;2023 M07;3,77;ND;Nie dotyczy;nd;Dane jawne;nd;Nie dotyczy;
303;Ceny detaliczne towarów żywnościowych;740;"Polska, województwa; Towary żywnościowe";33617;POLSKA;180;[zł];566;Towary żywnościowe;5967468;olej rzepakowy produkcji krajowej za 1 l;;;;;;;;;;;;;;;;;;;;;;;;;;;;;253;2023;2023 M07;10,46;ND;Nie dotyczy;nd;Dane jawne;nd;Nie dotyczy;
303;Ceny detaliczne towarów żywnościowych;740;"Polska, województwa; Towary żywnościowe";33617;POLSKA;180;[zł];566;Towary żywnościowe;5967469;pomarańcze za 1 kg;;;;;;;;;;;;;;;;;;;;;;;;;;;;;253;2023;2023 M07;7,88;ND;Nie dotyczy;nd;Dane jawne;nd;Nie dotyczy;
303;Ceny detaliczne towarów żywnościowych;740;"Polska, województwa; Towary żywnościowe";33617;POLSKA;180;[zł];566;Towary żywnościowe;5967470;jabłka za 1 kg;;;;;;;;;;;;;;;;;;;;;;;;;;;;;253;2023;2023 M07;3,96;ND;Nie dotyczy;nd;Dane jawne;nd;Nie dotyczy;
303;Ceny detaliczne towarów żywnościowych;740;"Polska, województwa; Towary żywnościowe";33617;POLSKA;180;[zł];566;Towary żywnościowe;5967472;buraki za 1 kg;;;;;;;;;;;;;;;;;;;;;;;;;;;;;253;2023;2023 M07;4,33;ND;Nie dotyczy;nd;Dane jawne;nd;Nie dotyczy;
303;Ceny detaliczne towarów żywnościowych;740;"Polska, województwa; Towary żywnościowe";33617;POLSKA;180;[zł];566;Towary żywnościowe;5967473;marchew za 1 kg;;;;;;;;;;;;;;;;;;;;;;;;;;;;;253;2023;2023 M07;6,16;ND;Nie dotyczy;nd;Dane jawne;nd;Nie dotyczy;
303;Ceny detaliczne towarów żywnościowych;740;"Polska, województwa; Towary żywnościowe";33617;POLSKA;180;[zł];566;Towary żywnościowe;5967474;cebula za 1 kg;;;;;;;;;;;;;;;;;;;;;;;;;;;;;253;2023;2023 M07;6,09;ND;Nie dotyczy;nd;Dane jawne;nd;Nie dotyczy;
303;Ceny detaliczne towarów żywnościowych;740;"Polska, województwa; Towary żywnościowe";33617;POLSKA;180;[zł];566;Towary żywnościowe;5967475;ziemniaki za 1 kg;;;;;;;;;;;;;;;;;;;;;;;;;;;;;253;2023;2023 M07;3,31;ND;Nie dotyczy;nd;Dane jawne;nd;Nie dotyczy;
303;Ceny detaliczne towarów żywnościowych;740;"Polska, województwa; Towary żywnościowe";33617;POLSKA;180;[zł];566;Towary żywnościowe;5967476;cukier biały kryształ za 1 kg;;;;;;;;;;;;;;;;;;;;;;;;;;;;;253;2023;2023 M07;6,16;ND;Nie dotyczy;nd;Dane jawne;nd;Nie dotyczy;
303;Ceny detaliczne towarów żywnościowych;740;"Polska, województwa; Towary żywnościowe";33617;POLSKA;180;[zł];566;Towary żywnościowe;5967477;sok jabłkowy za 1 l;;;;;;;;;;;;;;;;;;;;;;;;;;;;;253;2023;2023 M07;4,62;ND;Nie dotyczy;nd;Dane jawne;nd;Nie dotyczy;
303;Ceny detaliczne towarów żywnościowych;740;"Polska, województwa; Towary żywnościowe";33617;POLSKA;180;[zł];566;Towary żywnościowe;5967449;chleb pszenno-żytni za 0.5 kg;;;;;;;;;;;;;;;;;;;;;;;;;;;;;254;2023;2023 M08;4,84;ND;Nie dotyczy;nd;Dane jawne;nd;Nie dotyczy;
303;Ceny detaliczne towarów żywnościowych;740;"Polska, województwa; Towary żywnościowe";33617;POLSKA;180;[zł];566;Towary żywnościowe;5967450;mąka pszenna za 1 kg;;;;;;;;;;;;;;;;;;;;;;;;;;;;;254;2023;2023 M08;4,76;ND;Nie dotyczy;nd;Dane jawne;nd;Nie dotyczy;
303;Ceny detaliczne towarów żywnościowych;740;"Polska, województwa; Towary żywnościowe";33617;POLSKA;180;[zł];566;Towary żywnościowe;5967451;kasza jęczmienna za 0.5 kg;;;;;;;;;;;;;;;;;;;;;;;;;;;;;254;2023;2023 M08;3,8;ND;Nie dotyczy;nd;Dane jawne;nd;Nie dotyczy;
303;Ceny detaliczne towarów żywnościowych;740;"Polska, województwa; Towary żywnościowe";33617;POLSKA;180;[zł];566;Towary żywnościowe;5967468;olej rzepakowy produkcji krajowej za 1 l;;;;;;;;;;;;;;;;;;;;;;;;;;;;;254;2023;2023 M08;9,92;ND;Nie dotyczy;nd;Dane jawne;nd;Nie dotyczy;
303;Ceny detaliczne towarów żywnościowych;740;"Polska, województwa; Towary żywnościowe";33617;POLSKA;180;[zł];566;Towary żywnościowe;5967469;pomarańcze za 1 kg;;;;;;;;;;;;;;;;;;;;;;;;;;;;;254;2023;2023 M08;7,98;ND;Nie dotyczy;nd;Dane jawne;nd;Nie dotyczy;
303;Ceny detaliczne towarów żywnościowych;740;"Polska, województwa; Towary żywnościowe";33617;POLSKA;180;[zł];566;Towary żywnościowe;5967470;jabłka za 1 kg;;;;;;;;;;;;;;;;;;;;;;;;;;;;;254;2023;2023 M08;4,17;ND;Nie dotyczy;nd;Dane jawne;nd;Nie dotyczy;
303;Ceny detaliczne towarów żywnościowych;740;"Polska, województwa; Towary żywnościowe";33617;POLSKA;180;[zł];566;Towary żywnościowe;5967472;buraki za 1 kg;;;;;;;;;;;;;;;;;;;;;;;;;;;;;254;2023;2023 M08;3,49;ND;Nie dotyczy;nd;Dane jawne;nd;Nie dotyczy;
303;Ceny detaliczne towarów żywnościowych;740;"Polska, województwa; Towary żywnościowe";33617;POLSKA;180;[zł];566;Towary żywnościowe;5967473;marchew za 1 kg;;;;;;;;;;;;;;;;;;;;;;;;;;;;;254;2023;2023 M08;3,89;ND;Nie dotyczy;nd;Dane jawne;nd;Nie dotyczy;
303;Ceny detaliczne towarów żywnościowych;740;"Polska, województwa; Towary żywnościowe";33617;POLSKA;180;[zł];566;Towary żywnościowe;5967474;cebula za 1 kg;;;;;;;;;;;;;;;;;;;;;;;;;;;;;254;2023;2023 M08;4,83;ND;Nie dotyczy;nd;Dane jawne;nd;Nie dotyczy;
303;Ceny detaliczne towarów żywnościowych;740;"Polska, województwa; Towary żywnościowe";33617;POLSKA;180;[zł];566;Towary żywnościowe;5967475;ziemniaki za 1 kg;;;;;;;;;;;;;;;;;;;;;;;;;;;;;254;2023;2023 M08;2,93;ND;Nie dotyczy;nd;Dane jawne;nd;Nie dotyczy;
303;Ceny detaliczne towarów żywnościowych;740;"Polska, województwa; Towary żywnościowe";33617;POLSKA;180;[zł];566;Towary żywnościowe;5967476;cukier biały kryształ za 1 kg;;;;;;;;;;;;;;;;;;;;;;;;;;;;;254;2023;2023 M08;6,13;ND;Nie dotyczy;nd;Dane jawne;nd;Nie dotyczy;
303;Ceny detaliczne towarów żywnościowych;740;"Polska, województwa; Towary żywnościowe";33617;POLSKA;180;[zł];566;Towary żywnościowe;5967477;sok jabłkowy za 1 l;;;;;;;;;;;;;;;;;;;;;;;;;;;;;254;2023;2023 M08;4,6;ND;Nie dotyczy;nd;Dane jawne;nd;Nie dotyczy;
303;Ceny detaliczne towarów żywnościowych;740;"Polska, województwa; Towary żywnościowe";33617;POLSKA;180;[zł];566;Towary żywnościowe;5967449;chleb pszenno-żytni za 0.5 kg;;;;;;;;;;;;;;;;;;;;;;;;;;;;;255;2023;2023 M09;4,83;ND;Nie dotyczy;nd;Dane jawne;nd;Nie dotyczy;
303;Ceny detaliczne towarów żywnościowych;740;"Polska, województwa; Towary żywnościowe";33617;POLSKA;180;[zł];566;Towary żywnościowe;5967450;mąka pszenna za 1 kg;;;;;;;;;;;;;;;;;;;;;;;;;;;;;255;2023;2023 M09;4,79;ND;Nie dotyczy;nd;Dane jawne;nd;Nie dotyczy;
303;Ceny detaliczne towarów żywnościowych;740;"Polska, województwa; Towary żywnościowe";33617;POLSKA;180;[zł];566;Towary żywnościowe;5967451;kasza jęczmienna za 0.5 kg;;;;;;;;;;;;;;;;;;;;;;;;;;;;;255;2023;2023 M09;3,82;ND;Nie dotyczy;nd;Dane jawne;nd;Nie dotyczy;
303;Ceny detaliczne towarów żywnościowych;740;"Polska, województwa; Towary żywnościowe";33617;POLSKA;180;[zł];566;Towary żywnościowe;5967468;olej rzepakowy produkcji krajowej za 1 l;;;;;;;;;;;;;;;;;;;;;;;;;;;;;255;2023;2023 M09;9,59;ND;Nie dotyczy;nd;Dane jawne;nd;Nie dotyczy;
303;Ceny detaliczne towarów żywnościowych;740;"Polska, województwa; Towary żywnościowe";33617;POLSKA;180;[zł];566;Towary żywnościowe;5967469;pomarańcze za 1 kg;;;;;;;;;;;;;;;;;;;;;;;;;;;;;255;2023;2023 M09;7,86;ND;Nie dotyczy;nd;Dane jawne;nd;Nie dotyczy;
303;Ceny detaliczne towarów żywnościowych;740;"Polska, województwa; Towary żywnościowe";33617;POLSKA;180;[zł];566;Towary żywnościowe;5967470;jabłka za 1 kg;;;;;;;;;;;;;;;;;;;;;;;;;;;;;255;2023;2023 M09;4,08;ND;Nie dotyczy;nd;Dane jawne;nd;Nie dotyczy;
303;Ceny detaliczne towarów żywnościowych;740;"Polska, województwa; Towary żywnościowe";33617;POLSKA;180;[zł];566;Towary żywnościowe;5967472;buraki za 1 kg;;;;;;;;;;;;;;;;;;;;;;;;;;;;;255;2023;2023 M09;3,11;ND;Nie dotyczy;nd;Dane jawne;nd;Nie dotyczy;
303;Ceny detaliczne towarów żywnościowych;740;"Polska, województwa; Towary żywnościowe";33617;POLSKA;180;[zł];566;Towary żywnościowe;5967473;marchew za 1 kg;;;;;;;;;;;;;;;;;;;;;;;;;;;;;255;2023;2023 M09;3,23;ND;Nie dotyczy;nd;Dane jawne;nd;Nie dotyczy;
303;Ceny detaliczne towarów żywnościowych;740;"Polska, województwa; Towary żywnościowe";33617;POLSKA;180;[zł];566;Towary żywnościowe;5967474;cebula za 1 kg;;;;;;;;;;;;;;;;;;;;;;;;;;;;;255;2023;2023 M09;4,34;ND;Nie dotyczy;nd;Dane jawne;nd;Nie dotyczy;
303;Ceny detaliczne towarów żywnościowych;740;"Polska, województwa; Towary żywnościowe";33617;POLSKA;180;[zł];566;Towary żywnościowe;5967475;ziemniaki za 1 kg;;;;;;;;;;;;;;;;;;;;;;;;;;;;;255;2023;2023 M09;2,88;ND;Nie dotyczy;nd;Dane jawne;nd;Nie dotyczy;
303;Ceny detaliczne towarów żywnościowych;740;"Polska, województwa; Towary żywnościowe";33617;POLSKA;180;[zł];566;Towary żywnościowe;5967476;cukier biały kryształ za 1 kg;;;;;;;;;;;;;;;;;;;;;;;;;;;;;255;2023;2023 M09;5,99;ND;Nie dotyczy;nd;Dane jawne;nd;Nie dotyczy;
303;Ceny detaliczne towarów żywnościowych;740;"Polska, województwa; Towary żywnościowe";33617;POLSKA;180;[zł];566;Towary żywnościowe;5967477;sok jabłkowy za 1 l;;;;;;;;;;;;;;;;;;;;;;;;;;;;;255;2023;2023 M09;4,63;ND;Nie dotyczy;nd;Dane jawne;nd;Nie dotyczy;
303;Ceny detaliczne towarów żywnościowych;740;"Polska, województwa; Towary żywnościowe";33617;POLSKA;180;[zł];566;Towary żywnościowe;5967449;chleb pszenno-żytni za 0.5 kg;;;;;;;;;;;;;;;;;;;;;;;;;;;;;256;2023;2023 M10;4,84;ND;Nie dotyczy;nd;Dane jawne;nd;Nie dotyczy;
303;Ceny detaliczne towarów żywnościowych;740;"Polska, województwa; Towary żywnościowe";33617;POLSKA;180;[zł];566;Towary żywnościowe;5967450;mąka pszenna za 1 kg;;;;;;;;;;;;;;;;;;;;;;;;;;;;;256;2023;2023 M10;4,84;ND;Nie dotyczy;nd;Dane jawne;nd;Nie dotyczy;
303;Ceny detaliczne towarów żywnościowych;740;"Polska, województwa; Towary żywnościowe";33617;POLSKA;180;[zł];566;Towary żywnościowe;5967451;kasza jęczmienna za 0.5 kg;;;;;;;;;;;;;;;;;;;;;;;;;;;;;256;2023;2023 M10;3,83;ND;Nie dotyczy;nd;Dane jawne;nd;Nie dotyczy;
303;Ceny detaliczne towarów żywnościowych;740;"Polska, województwa; Towary żywnościowe";33617;POLSKA;180;[zł];566;Towary żywnościowe;5967468;olej rzepakowy produkcji krajowej za 1 l;;;;;;;;;;;;;;;;;;;;;;;;;;;;;256;2023;2023 M10;9,48;ND;Nie dotyczy;nd;Dane jawne;nd;Nie dotyczy;
303;Ceny detaliczne towarów żywnościowych;740;"Polska, województwa; Towary żywnościowe";33617;POLSKA;180;[zł];566;Towary żywnościowe;5967469;pomarańcze za 1 kg;;;;;;;;;;;;;;;;;;;;;;;;;;;;;256;2023;2023 M10;8,06;ND;Nie dotyczy;nd;Dane jawne;nd;Nie dotyczy;
303;Ceny detaliczne towarów żywnościowych;740;"Polska, województwa; Towary żywnościowe";33617;POLSKA;180;[zł];566;Towary żywnościowe;5967470;jabłka za 1 kg;;;;;;;;;;;;;;;;;;;;;;;;;;;;;256;2023;2023 M10;3,88;ND;Nie dotyczy;nd;Dane jawne;nd;Nie dotyczy;
303;Ceny detaliczne towarów żywnościowych;740;"Polska, województwa; Towary żywnościowe";33617;POLSKA;180;[zł];566;Towary żywnościowe;5967472;buraki za 1 kg;;;;;;;;;;;;;;;;;;;;;;;;;;;;;256;2023;2023 M10;2,93;ND;Nie dotyczy;nd;Dane jawne;nd;Nie dotyczy;
303;Ceny detaliczne towarów żywnościowych;740;"Polska, województwa; Towary żywnościowe";33617;POLSKA;180;[zł];566;Towary żywnościowe;5967473;marchew za 1 kg;;;;;;;;;;;;;;;;;;;;;;;;;;;;;256;2023;2023 M10;2,91;ND;Nie dotyczy;nd;Dane jawne;nd;Nie dotyczy;
303;Ceny detaliczne towarów żywnościowych;740;"Polska, województwa; Towary żywnościowe";33617;POLSKA;180;[zł];566;Towary żywnościowe;5967474;cebula za 1 kg;;;;;;;;;;;;;;;;;;;;;;;;;;;;;256;2023;2023 M10;4,06;ND;Nie dotyczy;nd;Dane jawne;nd;Nie dotyczy;
303;Ceny detaliczne towarów żywnościowych;740;"Polska, województwa; Towary żywnościowe";33617;POLSKA;180;[zł];566;Towary żywnościowe;5967475;ziemniaki za 1 kg;;;;;;;;;;;;;;;;;;;;;;;;;;;;;256;2023;2023 M10;2,69;ND;Nie dotyczy;nd;Dane jawne;nd;Nie dotyczy;
303;Ceny detaliczne towarów żywnościowych;740;"Polska, województwa; Towary żywnościowe";33617;POLSKA;180;[zł];566;Towary żywnościowe;5967476;cukier biały kryształ za 1 kg;;;;;;;;;;;;;;;;;;;;;;;;;;;;;256;2023;2023 M10;5,9;ND;Nie dotyczy;nd;Dane jawne;nd;Nie dotyczy;
303;Ceny detaliczne towarów żywnościowych;740;"Polska, województwa; Towary żywnościowe";33617;POLSKA;180;[zł];566;Towary żywnościowe;5967477;sok jabłkowy za 1 l;;;;;;;;;;;;;;;;;;;;;;;;;;;;;256;2023;2023 M10;4,66;ND;Nie dotyczy;nd;Dane jawne;nd;Nie dotyczy;
303;Ceny detaliczne towarów żywnościowych;740;"Polska, województwa; Towary żywnościowe";33617;POLSKA;180;[zł];566;Towary żywnościowe;5967449;chleb pszenno-żytni za 0.5 kg;;;;;;;;;;;;;;;;;;;;;;;;;;;;;257;2023;2023 M11;4,84;ND;Nie dotyczy;nd;Dane jawne;nd;Nie dotyczy;
303;Ceny detaliczne towarów żywnościowych;740;"Polska, województwa; Towary żywnościowe";33617;POLSKA;180;[zł];566;Towary żywnościowe;5967450;mąka pszenna za 1 kg;;;;;;;;;;;;;;;;;;;;;;;;;;;;;257;2023;2023 M11;4,84;ND;Nie dotyczy;nd;Dane jawne;nd;Nie dotyczy;
303;Ceny detaliczne towarów żywnościowych;740;"Polska, województwa; Towary żywnościowe";33617;POLSKA;180;[zł];566;Towary żywnościowe;5967451;kasza jęczmienna za 0.5 kg;;;;;;;;;;;;;;;;;;;;;;;;;;;;;257;2023;2023 M11;3,76;ND;Nie dotyczy;nd;Dane jawne;nd;Nie dotyczy;
303;Ceny detaliczne towarów żywnościowych;740;"Polska, województwa; Towary żywnościowe";33617;POLSKA;180;[zł];566;Towary żywnościowe;5967468;olej rzepakowy produkcji krajowej za 1 l;;;;;;;;;;;;;;;;;;;;;;;;;;;;;257;2023;2023 M11;9,56;ND;Nie dotyczy;nd;Dane jawne;nd;Nie dotyczy;
303;Ceny detaliczne towarów żywnościowych;740;"Polska, województwa; Towary żywnościowe";33617;POLSKA;180;[zł];566;Towary żywnościowe;5967469;pomarańcze za 1 kg;;;;;;;;;;;;;;;;;;;;;;;;;;;;;257;2023;2023 M11;8,18;ND;Nie dotyczy;nd;Dane jawne;nd;Nie dotyczy;
303;Ceny detaliczne towarów żywnościowych;740;"Polska, województwa; Towary żywnościowe";33617;POLSKA;180;[zł];566;Towary żywnościowe;5967470;jabłka za 1 kg;;;;;;;;;;;;;;;;;;;;;;;;;;;;;257;2023;2023 M11;3,96;ND;Nie dotyczy;nd;Dane jawne;nd;Nie dotyczy;
303;Ceny detaliczne towarów żywnościowych;740;"Polska, województwa; Towary żywnościowe";33617;POLSKA;180;[zł];566;Towary żywnościowe;5967472;buraki za 1 kg;;;;;;;;;;;;;;;;;;;;;;;;;;;;;257;2023;2023 M11;2,77;ND;Nie dotyczy;nd;Dane jawne;nd;Nie dotyczy;
303;Ceny detaliczne towarów żywnościowych;740;"Polska, województwa; Towary żywnościowe";33617;POLSKA;180;[zł];566;Towary żywnościowe;5967473;marchew za 1 kg;;;;;;;;;;;;;;;;;;;;;;;;;;;;;257;2023;2023 M11;2,8;ND;Nie dotyczy;nd;Dane jawne;nd;Nie dotyczy;
303;Ceny detaliczne towarów żywnościowych;740;"Polska, województwa; Towary żywnościowe";33617;POLSKA;180;[zł];566;Towary żywnościowe;5967474;cebula za 1 kg;;;;;;;;;;;;;;;;;;;;;;;;;;;;;257;2023;2023 M11;4,02;ND;Nie dotyczy;nd;Dane jawne;nd;Nie dotyczy;
303;Ceny detaliczne towarów żywnościowych;740;"Polska, województwa; Towary żywnościowe";33617;POLSKA;180;[zł];566;Towary żywnościowe;5967475;ziemniaki za 1 kg;;;;;;;;;;;;;;;;;;;;;;;;;;;;;257;2023;2023 M11;2,75;ND;Nie dotyczy;nd;Dane jawne;nd;Nie dotyczy;
303;Ceny detaliczne towarów żywnościowych;740;"Polska, województwa; Towary żywnościowe";33617;POLSKA;180;[zł];566;Towary żywnościowe;5967476;cukier biały kryształ za 1 kg;;;;;;;;;;;;;;;;;;;;;;;;;;;;;257;2023;2023 M11;5,89;ND;Nie dotyczy;nd;Dane jawne;nd;Nie dotyczy;
303;Ceny detaliczne towarów żywnościowych;740;"Polska, województwa; Towary żywnościowe";33617;POLSKA;180;[zł];566;Towary żywnościowe;5967477;sok jabłkowy za 1 l;;;;;;;;;;;;;;;;;;;;;;;;;;;;;257;2023;2023 M11;4,67;ND;Nie dotyczy;nd;Dane jawne;nd;Nie dotyczy;
303;Ceny detaliczne towarów żywnościowych;740;"Polska, województwa; Towary żywnościowe";33617;POLSKA;180;[zł];566;Towary żywnościowe;5967449;chleb pszenno-żytni za 0.5 kg;;;;;;;;;;;;;;;;;;;;;;;;;;;;;258;2023;2023 M12;4,85;ND;Nie dotyczy;nd;Dane jawne;nd;Nie dotyczy;
303;Ceny detaliczne towarów żywnościowych;740;"Polska, województwa; Towary żywnościowe";33617;POLSKA;180;[zł];566;Towary żywnościowe;5967450;mąka pszenna za 1 kg;;;;;;;;;;;;;;;;;;;;;;;;;;;;;258;2023;2023 M12;4,72;ND;Nie dotyczy;nd;Dane jawne;nd;Nie dotyczy;
303;Ceny detaliczne towarów żywnościowych;740;"Polska, województwa; Towary żywnościowe";33617;POLSKA;180;[zł];566;Towary żywnościowe;5967451;kasza jęczmienna za 0.5 kg;;;;;;;;;;;;;;;;;;;;;;;;;;;;;258;2023;2023 M12;3,78;ND;Nie dotyczy;nd;Dane jawne;nd;Nie dotyczy;
303;Ceny detaliczne towarów żywnościowych;740;"Polska, województwa; Towary żywnościowe";33617;POLSKA;180;[zł];566;Towary żywnościowe;5967468;olej rzepakowy produkcji krajowej za 1 l;;;;;;;;;;;;;;;;;;;;;;;;;;;;;258;2023;2023 M12;9,36;ND;Nie dotyczy;nd;Dane jawne;nd;Nie dotyczy;
303;Ceny detaliczne towarów żywnościowych;740;"Polska, województwa; Towary żywnościowe";33617;POLSKA;180;[zł];566;Towary żywnościowe;5967469;pomarańcze za 1 kg;;;;;;;;;;;;;;;;;;;;;;;;;;;;;258;2023;2023 M12;7,51;ND;Nie dotyczy;nd;Dane jawne;nd;Nie dotyczy;
303;Ceny detaliczne towarów żywnościowych;740;"Polska, województwa; Towary żywnościowe";33617;POLSKA;180;[zł];566;Towary żywnościowe;5967470;jabłka za 1 kg;;;;;;;;;;;;;;;;;;;;;;;;;;;;;258;2023;2023 M12;3,88;ND;Nie dotyczy;nd;Dane jawne;nd;Nie dotyczy;
303;Ceny detaliczne towarów żywnościowych;740;"Polska, województwa; Towary żywnościowe";33617;POLSKA;180;[zł];566;Towary żywnościowe;5967472;buraki za 1 kg;;;;;;;;;;;;;;;;;;;;;;;;;;;;;258;2023;2023 M12;2,75;ND;Nie dotyczy;nd;Dane jawne;nd;Nie dotyczy;
303;Ceny detaliczne towarów żywnościowych;740;"Polska, województwa; Towary żywnościowe";33617;POLSKA;180;[zł];566;Towary żywnościowe;5967473;marchew za 1 kg;;;;;;;;;;;;;;;;;;;;;;;;;;;;;258;2023;2023 M12;3,48;ND;Nie dotyczy;nd;Dane jawne;nd;Nie dotyczy;
303;Ceny detaliczne towarów żywnościowych;740;"Polska, województwa; Towary żywnościowe";33617;POLSKA;180;[zł];566;Towary żywnościowe;5967474;cebula za 1 kg;;;;;;;;;;;;;;;;;;;;;;;;;;;;;258;2023;2023 M12;4,03;ND;Nie dotyczy;nd;Dane jawne;nd;Nie dotyczy;
303;Ceny detaliczne towarów żywnościowych;740;"Polska, województwa; Towary żywnościowe";33617;POLSKA;180;[zł];566;Towary żywnościowe;5967475;ziemniaki za 1 kg;;;;;;;;;;;;;;;;;;;;;;;;;;;;;258;2023;2023 M12;2,69;ND;Nie dotyczy;nd;Dane jawne;nd;Nie dotyczy;
303;Ceny detaliczne towarów żywnościowych;740;"Polska, województwa; Towary żywnościowe";33617;POLSKA;180;[zł];566;Towary żywnościowe;5967476;cukier biały kryształ za 1 kg;;;;;;;;;;;;;;;;;;;;;;;;;;;;;258;2023;2023 M12;5,65;ND;Nie dotyczy;nd;Dane jawne;nd;Nie dotyczy;
303;Ceny detaliczne towarów żywnościowych;740;"Polska, województwa; Towary żywnościowe";33617;POLSKA;180;[zł];566;Towary żywnościowe;5967477;sok jabłkowy za 1 l;;;;;;;;;;;;;;;;;;;;;;;;;;;;;258;2023;2023 M12;4,62;ND;Nie dotyczy;nd;Dane jawne;nd;Nie dotyczy;
303;Ceny detaliczne towarów żywnościowych;740;"Polska, województwa; Towary żywnościowe";33617;POLSKA;180;[zł];566;Towary żywnościowe;5967449;chleb pszenno-żytni za 0.5 kg;;;;;;;;;;;;;;;;;;;;;;;;;;;;;247;2024;2024 M01;4,9;ND;Nie dotyczy;nd;Dane jawne;nd;Nie dotyczy;
303;Ceny detaliczne towarów żywnościowych;740;"Polska, województwa; Towary żywnościowe";33617;POLSKA;180;[zł];566;Towary żywnościowe;5967450;mąka pszenna za 1 kg;;;;;;;;;;;;;;;;;;;;;;;;;;;;;247;2024;2024 M01;3,89;ND;Nie dotyczy;nd;Dane jawne;nd;Nie dotyczy;
303;Ceny detaliczne towarów żywnościowych;740;"Polska, województwa; Towary żywnościowe";33617;POLSKA;180;[zł];566;Towary żywnościowe;5967451;kasza jęczmienna za 0.5 kg;;;;;;;;;;;;;;;;;;;;;;;;;;;;;247;2024;2024 M01;3,79;ND;Nie dotyczy;nd;Dane jawne;nd;Nie dotyczy;
303;Ceny detaliczne towarów żywnościowych;740;"Polska, województwa; Towary żywnościowe";33617;POLSKA;180;[zł];566;Towary żywnościowe;5967468;olej rzepakowy produkcji krajowej za 1 l;;;;;;;;;;;;;;;;;;;;;;;;;;;;;247;2024;2024 M01;9,34;ND;Nie dotyczy;nd;Dane jawne;nd;Nie dotyczy;
303;Ceny detaliczne towarów żywnościowych;740;"Polska, województwa; Towary żywnościowe";33617;POLSKA;180;[zł];566;Towary żywnościowe;5967469;pomarańcze za 1 kg;;;;;;;;;;;;;;;;;;;;;;;;;;;;;247;2024;2024 M01;7,45;ND;Nie dotyczy;nd;Dane jawne;nd;Nie dotyczy;
303;Ceny detaliczne towarów żywnościowych;740;"Polska, województwa; Towary żywnościowe";33617;POLSKA;180;[zł];566;Towary żywnościowe;5967470;jabłka za 1 kg;;;;;;;;;;;;;;;;;;;;;;;;;;;;;247;2024;2024 M01;3,98;ND;Nie dotyczy;nd;Dane jawne;nd;Nie dotyczy;
303;Ceny detaliczne towarów żywnościowych;740;"Polska, województwa; Towary żywnościowe";33617;POLSKA;180;[zł];566;Towary żywnościowe;5967472;buraki za 1 kg;;;;;;;;;;;;;;;;;;;;;;;;;;;;;247;2024;2024 M01;2,76;ND;Nie dotyczy;nd;Dane jawne;nd;Nie dotyczy;
303;Ceny detaliczne towarów żywnościowych;740;"Polska, województwa; Towary żywnościowe";33617;POLSKA;180;[zł];566;Towary żywnościowe;5967473;marchew za 1 kg;;;;;;;;;;;;;;;;;;;;;;;;;;;;;247;2024;2024 M01;3,71;ND;Nie dotyczy;nd;Dane jawne;nd;Nie dotyczy;
303;Ceny detaliczne towarów żywnościowych;740;"Polska, województwa; Towary żywnościowe";33617;POLSKA;180;[zł];566;Towary żywnościowe;5967474;cebula za 1 kg;;;;;;;;;;;;;;;;;;;;;;;;;;;;;247;2024;2024 M01;4,11;ND;Nie dotyczy;nd;Dane jawne;nd;Nie dotyczy;
303;Ceny detaliczne towarów żywnościowych;740;"Polska, województwa; Towary żywnościowe";33617;POLSKA;180;[zł];566;Towary żywnościowe;5967475;ziemniaki za 1 kg;;;;;;;;;;;;;;;;;;;;;;;;;;;;;247;2024;2024 M01;2,8;ND;Nie dotyczy;nd;Dane jawne;nd;Nie dotyczy;
303;Ceny detaliczne towarów żywnościowych;740;"Polska, województwa; Towary żywnościowe";33617;POLSKA;180;[zł];566;Towary żywnościowe;5967476;cukier biały kryształ za 1 kg;;;;;;;;;;;;;;;;;;;;;;;;;;;;;247;2024;2024 M01;5,58;ND;Nie dotyczy;nd;Dane jawne;nd;Nie dotyczy;
303;Ceny detaliczne towarów żywnościowych;740;"Polska, województwa; Towary żywnościowe";33617;POLSKA;180;[zł];566;Towary żywnościowe;5967477;sok jabłkowy za 1 l;;;;;;;;;;;;;;;;;;;;;;;;;;;;;247;2024;2024 M01;4,57;ND;Nie dotyczy;nd;Dane jawne;nd;Nie dotyczy;
303;Ceny detaliczne towarów żywnościowych;740;"Polska, województwa; Towary żywnościowe";33617;POLSKA;180;[zł];566;Towary żywnościowe;5967449;chleb pszenno-żytni za 0.5 kg;;;;;;;;;;;;;;;;;;;;;;;;;;;;;248;2024;2024 M02;4,93;ND;Nie dotyczy;nd;Dane jawne;nd;Nie dotyczy;
303;Ceny detaliczne towarów żywnościowych;740;"Polska, województwa; Towary żywnościowe";33617;POLSKA;180;[zł];566;Towary żywnościowe;5967450;mąka pszenna za 1 kg;;;;;;;;;;;;;;;;;;;;;;;;;;;;;248;2024;2024 M02;3,88;ND;Nie dotyczy;nd;Dane jawne;nd;Nie dotyczy;
303;Ceny detaliczne towarów żywnościowych;740;"Polska, województwa; Towary żywnościowe";33617;POLSKA;180;[zł];566;Towary żywnościowe;5967451;kasza jęczmienna za 0.5 kg;;;;;;;;;;;;;;;;;;;;;;;;;;;;;248;2024;2024 M02;3,8;ND;Nie dotyczy;nd;Dane jawne;nd;Nie dotyczy;
303;Ceny detaliczne towarów żywnościowych;740;"Polska, województwa; Towary żywnościowe";33617;POLSKA;180;[zł];566;Towary żywnościowe;5967468;olej rzepakowy produkcji krajowej za 1 l;;;;;;;;;;;;;;;;;;;;;;;;;;;;;248;2024;2024 M02;9,33;ND;Nie dotyczy;nd;Dane jawne;nd;Nie dotyczy;
303;Ceny detaliczne towarów żywnościowych;740;"Polska, województwa; Towary żywnościowe";33617;POLSKA;180;[zł];566;Towary żywnościowe;5967469;pomarańcze za 1 kg;;;;;;;;;;;;;;;;;;;;;;;;;;;;;248;2024;2024 M02;7,27;ND;Nie dotyczy;nd;Dane jawne;nd;Nie dotyczy;
303;Ceny detaliczne towarów żywnościowych;740;"Polska, województwa; Towary żywnościowe";33617;POLSKA;180;[zł];566;Towary żywnościowe;5967470;jabłka za 1 kg;;;;;;;;;;;;;;;;;;;;;;;;;;;;;248;2024;2024 M02;3,97;ND;Nie dotyczy;nd;Dane jawne;nd;Nie dotyczy;
303;Ceny detaliczne towarów żywnościowych;740;"Polska, województwa; Towary żywnościowe";33617;POLSKA;180;[zł];566;Towary żywnościowe;5967472;buraki za 1 kg;;;;;;;;;;;;;;;;;;;;;;;;;;;;;248;2024;2024 M02;2,82;ND;Nie dotyczy;nd;Dane jawne;nd;Nie dotyczy;
303;Ceny detaliczne towarów żywnościowych;740;"Polska, województwa; Towary żywnościowe";33617;POLSKA;180;[zł];566;Towary żywnościowe;5967473;marchew za 1 kg;;;;;;;;;;;;;;;;;;;;;;;;;;;;;248;2024;2024 M02;4,05;ND;Nie dotyczy;nd;Dane jawne;nd;Nie dotyczy;
303;Ceny detaliczne towarów żywnościowych;740;"Polska, województwa; Towary żywnościowe";33617;POLSKA;180;[zł];566;Towary żywnościowe;5967474;cebula za 1 kg;;;;;;;;;;;;;;;;;;;;;;;;;;;;;248;2024;2024 M02;4,17;ND;Nie dotyczy;nd;Dane jawne;nd;Nie dotyczy;
303;Ceny detaliczne towarów żywnościowych;740;"Polska, województwa; Towary żywnościowe";33617;POLSKA;180;[zł];566;Towary żywnościowe;5967475;ziemniaki za 1 kg;;;;;;;;;;;;;;;;;;;;;;;;;;;;;248;2024;2024 M02;2,8;ND;Nie dotyczy;nd;Dane jawne;nd;Nie dotyczy;
303;Ceny detaliczne towarów żywnościowych;740;"Polska, województwa; Towary żywnościowe";33617;POLSKA;180;[zł];566;Towary żywnościowe;5967476;cukier biały kryształ za 1 kg;;;;;;;;;;;;;;;;;;;;;;;;;;;;;248;2024;2024 M02;5,23;ND;Nie dotyczy;nd;Dane jawne;nd;Nie dotyczy;
303;Ceny detaliczne towarów żywnościowych;740;"Polska, województwa; Towary żywnościowe";33617;POLSKA;180;[zł];566;Towary żywnościowe;5967477;sok jabłkowy za 1 l;;;;;;;;;;;;;;;;;;;;;;;;;;;;;248;2024;2024 M02;4,62;ND;Nie dotyczy;nd;Dane jawne;nd;Nie dotyczy;
303;Ceny detaliczne towarów żywnościowych;740;"Polska, województwa; Towary żywnościowe";33617;POLSKA;180;[zł];566;Towary żywnościowe;5967449;chleb pszenno-żytni za 0.5 kg;;;;;;;;;;;;;;;;;;;;;;;;;;;;;249;2024;2024 M03;4,95;ND;Nie dotyczy;nd;Dane jawne;nd;Nie dotyczy;
303;Ceny detaliczne towarów żywnościowych;740;"Polska, województwa; Towary żywnościowe";33617;POLSKA;180;[zł];566;Towary żywnościowe;5967450;mąka pszenna za 1 kg;;;;;;;;;;;;;;;;;;;;;;;;;;;;;249;2024;2024 M03;3,86;ND;Nie dotyczy;nd;Dane jawne;nd;Nie dotyczy;
303;Ceny detaliczne towarów żywnościowych;740;"Polska, województwa; Towary żywnościowe";33617;POLSKA;180;[zł];566;Towary żywnościowe;5967451;kasza jęczmienna za 0.5 kg;;;;;;;;;;;;;;;;;;;;;;;;;;;;;249;2024;2024 M03;3,74;ND;Nie dotyczy;nd;Dane jawne;nd;Nie dotyczy;
303;Ceny detaliczne towarów żywnościowych;740;"Polska, województwa; Towary żywnościowe";33617;POLSKA;180;[zł];566;Towary żywnościowe;5967468;olej rzepakowy produkcji krajowej za 1 l;;;;;;;;;;;;;;;;;;;;;;;;;;;;;249;2024;2024 M03;9,21;ND;Nie dotyczy;nd;Dane jawne;nd;Nie dotyczy;
303;Ceny detaliczne towarów żywnościowych;740;"Polska, województwa; Towary żywnościowe";33617;POLSKA;180;[zł];566;Towary żywnościowe;5967469;pomarańcze za 1 kg;;;;;;;;;;;;;;;;;;;;;;;;;;;;;249;2024;2024 M03;6,92;ND;Nie dotyczy;nd;Dane jawne;nd;Nie dotyczy;
303;Ceny detaliczne towarów żywnościowych;740;"Polska, województwa; Towary żywnościowe";33617;POLSKA;180;[zł];566;Towary żywnościowe;5967470;jabłka za 1 kg;;;;;;;;;;;;;;;;;;;;;;;;;;;;;249;2024;2024 M03;3,98;ND;Nie dotyczy;nd;Dane jawne;nd;Nie dotyczy;
303;Ceny detaliczne towarów żywnościowych;740;"Polska, województwa; Towary żywnościowe";33617;POLSKA;180;[zł];566;Towary żywnościowe;5967472;buraki za 1 kg;;;;;;;;;;;;;;;;;;;;;;;;;;;;;249;2024;2024 M03;2,81;ND;Nie dotyczy;nd;Dane jawne;nd;Nie dotyczy;
303;Ceny detaliczne towarów żywnościowych;740;"Polska, województwa; Towary żywnościowe";33617;POLSKA;180;[zł];566;Towary żywnościowe;5967473;marchew za 1 kg;;;;;;;;;;;;;;;;;;;;;;;;;;;;;249;2024;2024 M03;4,13;ND;Nie dotyczy;nd;Dane jawne;nd;Nie dotyczy;
303;Ceny detaliczne towarów żywnościowych;740;"Polska, województwa; Towary żywnościowe";33617;POLSKA;180;[zł];566;Towary żywnościowe;5967474;cebula za 1 kg;;;;;;;;;;;;;;;;;;;;;;;;;;;;;249;2024;2024 M03;4,24;ND;Nie dotyczy;nd;Dane jawne;nd;Nie dotyczy;
303;Ceny detaliczne towarów żywnościowych;740;"Polska, województwa; Towary żywnościowe";33617;POLSKA;180;[zł];566;Towary żywnościowe;5967475;ziemniaki za 1 kg;;;;;;;;;;;;;;;;;;;;;;;;;;;;;249;2024;2024 M03;2,83;ND;Nie dotyczy;nd;Dane jawne;nd;Nie dotyczy;
303;Ceny detaliczne towarów żywnościowych;740;"Polska, województwa; Towary żywnościowe";33617;POLSKA;180;[zł];566;Towary żywnościowe;5967476;cukier biały kryształ za 1 kg;;;;;;;;;;;;;;;;;;;;;;;;;;;;;249;2024;2024 M03;5,11;ND;Nie dotyczy;nd;Dane jawne;nd;Nie dotyczy;
303;Ceny detaliczne towarów żywnościowych;740;"Polska, województwa; Towary żywnościowe";33617;POLSKA;180;[zł];566;Towary żywnościowe;5967477;sok jabłkowy za 1 l;;;;;;;;;;;;;;;;;;;;;;;;;;;;;249;2024;2024 M03;4,7;ND;Nie dotyczy;nd;Dane jawne;nd;Nie dotyczy;
303;Ceny detaliczne towarów żywnościowych;740;"Polska, województwa; Towary żywnościowe";33617;POLSKA;180;[zł];566;Towary żywnościowe;5967449;chleb pszenno-żytni za 0.5 kg;;;;;;;;;;;;;;;;;;;;;;;;;;;;;250;2024;2024 M04;5,17;ND;Nie dotyczy;nd;Dane jawne;nd;Nie dotyczy;
303;Ceny detaliczne towarów żywnościowych;740;"Polska, województwa; Towary żywnościowe";33617;POLSKA;180;[zł];566;Towary żywnościowe;5967450;mąka pszenna za 1 kg;;;;;;;;;;;;;;;;;;;;;;;;;;;;;250;2024;2024 M04;3,86;ND;Nie dotyczy;nd;Dane jawne;nd;Nie dotyczy;
303;Ceny detaliczne towarów żywnościowych;740;"Polska, województwa; Towary żywnościowe";33617;POLSKA;180;[zł];566;Towary żywnościowe;5967451;kasza jęczmienna za 0.5 kg;;;;;;;;;;;;;;;;;;;;;;;;;;;;;250;2024;2024 M04;3,85;ND;Nie dotyczy;nd;Dane jawne;nd;Nie dotyczy;
303;Ceny detaliczne towarów żywnościowych;740;"Polska, województwa; Towary żywnościowe";33617;POLSKA;180;[zł];566;Towary żywnościowe;5967468;olej rzepakowy produkcji krajowej za 1 l;;;;;;;;;;;;;;;;;;;;;;;;;;;;;250;2024;2024 M04;9,26;ND;Nie dotyczy;nd;Dane jawne;nd;Nie dotyczy;
303;Ceny detaliczne towarów żywnościowych;740;"Polska, województwa; Towary żywnościowe";33617;POLSKA;180;[zł];566;Towary żywnościowe;5967469;pomarańcze za 1 kg;;;;;;;;;;;;;;;;;;;;;;;;;;;;;250;2024;2024 M04;7,05;ND;Nie dotyczy;nd;Dane jawne;nd;Nie dotyczy;
303;Ceny detaliczne towarów żywnościowych;740;"Polska, województwa; Towary żywnościowe";33617;POLSKA;180;[zł];566;Towary żywnościowe;5967470;jabłka za 1 kg;;;;;;;;;;;;;;;;;;;;;;;;;;;;;250;2024;2024 M04;4,13;ND;Nie dotyczy;nd;Dane jawne;nd;Nie dotyczy;
303;Ceny detaliczne towarów żywnościowych;740;"Polska, województwa; Towary żywnościowe";33617;POLSKA;180;[zł];566;Towary żywnościowe;5967472;buraki za 1 kg;;;;;;;;;;;;;;;;;;;;;;;;;;;;;250;2024;2024 M04;2,92;ND;Nie dotyczy;nd;Dane jawne;nd;Nie dotyczy;
303;Ceny detaliczne towarów żywnościowych;740;"Polska, województwa; Towary żywnościowe";33617;POLSKA;180;[zł];566;Towary żywnościowe;5967473;marchew za 1 kg;;;;;;;;;;;;;;;;;;;;;;;;;;;;;250;2024;2024 M04;4,32;ND;Nie dotyczy;nd;Dane jawne;nd;Nie dotyczy;
303;Ceny detaliczne towarów żywnościowych;740;"Polska, województwa; Towary żywnościowe";33617;POLSKA;180;[zł];566;Towary żywnościowe;5967474;cebula za 1 kg;;;;;;;;;;;;;;;;;;;;;;;;;;;;;250;2024;2024 M04;4,32;ND;Nie dotyczy;nd;Dane jawne;nd;Nie dotyczy;
303;Ceny detaliczne towarów żywnościowych;740;"Polska, województwa; Towary żywnościowe";33617;POLSKA;180;[zł];566;Towary żywnościowe;5967475;ziemniaki za 1 kg;;;;;;;;;;;;;;;;;;;;;;;;;;;;;250;2024;2024 M04;2,99;ND;Nie dotyczy;nd;Dane jawne;nd;Nie dotyczy;
303;Ceny detaliczne towarów żywnościowych;740;"Polska, województwa; Towary żywnościowe";33617;POLSKA;180;[zł];566;Towary żywnościowe;5967476;cukier biały kryształ za 1 kg;;;;;;;;;;;;;;;;;;;;;;;;;;;;;250;2024;2024 M04;4,9;ND;Nie dotyczy;nd;Dane jawne;nd;Nie dotyczy;
303;Ceny detaliczne towarów żywnościowych;740;"Polska, województwa; Towary żywnościowe";33617;POLSKA;180;[zł];566;Towary żywnościowe;5967477;sok jabłkowy za 1 l;;;;;;;;;;;;;;;;;;;;;;;;;;;;;250;2024;2024 M04;4,82;ND;Nie dotyczy;nd;Dane jawne;nd;Nie dotyczy;
